,_id,company_size,joined,location,market,name,pitch,raised,stage,website
0,5da5cc6587798203da361999,51-200,2011-01-01,Singapore,Credit,DemystData,Data Integration Technology for Financial Services,12000000.0,Series B,demyst.com
1,5da5cc6587798203da36199a,201-500,2011-11-01,Singapore,Brand Marketing,Braze,Braze is a customer engagement platform that delivers personalized messaging experiences,175100000.0,Series E,braze.com
2,5da5cc6587798203da36199b,51-200,2013-03-01,Singapore,Location Based Services,Factual,"Empowering marketers to better understand, reach and engage customers.",104000000.0,Closed,factual.com
3,5da5cc6587798203da36199c,501-1000,2013-05-01,Singapore,Advertising,InMobi,The largest independent mobile ad network.,215600000.0,Series C,inmobi.com
4,5da5cc6587798203da36199d,501-1000,2012-09-01,Singapore,South East Asia,RedMart,SE Asia's Customer-Centric Online Grocer,159659000.0,Acquired,redmart.com
5,5da5cc6587798203da36199e,11-50,2012-05-01,Singapore,South East Asia,Golden Gate Ventures,"Southeast Asia Seed Fund, founded by Silicon Valley entrepreneurs & investors",170000000.0,Closed,goldengate.vc
6,5da5cc6587798203da36199f,11-50,2013-01-01,Singapore,Brand Marketing,AdzCentral,Scientific Media Buying,6400000.0,Series B,adzcentral.com
7,5da5cc6587798203da3619a0,1-10,2012-09-01,Singapore,Content Creators,Padlet,Easiest way to create and collaborate in the world (YC W13),13200000.0,Series A,padlet.com
8,5da5cc6587798203da3619a1,51-200,2013-01-01,Singapore,Payments,2C2P,Universal electronic payments,10000000.0,Series C,2c2p.com
9,5da5cc6587798203da3619a2,1-10,2013-04-01,Singapore,Private Social Networking,DOWN (Formerly Bang With Friends),#1 hookup / casual dating app. Honest dating: choose Date or Hookup. 5M+ users!,,Acquired,downapp.com
10,5da5cc6587798203da3619a3,-,2013-07-01,Singapore,Technology,Infocomm Investments,,,-,infocomminvestments.com
11,5da5cc6587798203da3619a4,1-10,2014-07-01,Singapore,Pre Seed,Inflection Ventures,investing in startups at the inflection point,,-,inflectionventures.com
12,5da5cc6587798203da3619a5,11-50,2014-07-01,Singapore,Supply Chain Management,Haven,Carta for Logistics,14000000.0,Series A,haveninc.com
13,5da5cc6587798203da3619a6,,2014-12-01,Singapore,Technology,Far East Ventures,,,-,fareast.ventures
14,5da5cc6587798203da3619a7,11-50,2015-06-01,Singapore,Payments,Xfers,Internet Banking Payment System,2500000.0,Seed,xfers.com
15,5da5cc6587798203da3619a8,11-50,2015-03-01,Singapore,Sales Automation,LeadIQ,More Deals. Less Work.,,Seed,leadiq.com
16,5da5cc6587798203da3619a9,1-10,2015-10-01,Singapore,-,Amasia,We help our founders get global,,-,amasia.vc
17,5da5cc6587798203da3619aa,1-10,2010-09-01,Singapore,Video,RecordTV,Like Aereo (but legal). Real TV & TiVo on the cloud,,-,
18,5da5cc6587798203da3619ab,51-200,2012-05-01,Singapore,B2B,TradeGecko,Helping Entrepreneurs Build Amazing Commerce Brands,18200000.0,Series B,tradegecko.com
19,5da5cc6587798203da3619ac,11-50,2011-12-01,Singapore,Hospitality,Zumata,"Hotel Distribution API - Artificial Intelligence Travel Technology  - 500,000 Hotels",,-,zumata.com
20,5da5cc6587798203da3619ad,-,2014-01-01,Singapore,Hospitality,Travelshark,,8000000.0,Series B,travelshark.com
21,5da5cc6587798203da3619ae,11-50,2012-06-01,Singapore,Game Mechanics,Playbasis,Gamification Platform-as-a-Service,2573000.0,Series A,playbasis.com
22,5da5cc6587798203da3619af,51-200,2012-07-01,Singapore,South East Asia,DocDoc,Largest healthcare provider network in Asia,8600000.0,Series A,docdoc.com
23,5da5cc6587798203da3619b0,11-50,2012-11-01,Singapore,Vacation Rentals,TripVillas,Holiday Home Rental Website built for Scale and Simplicity. 50000+ Properties. 3 yrs old.,,Seed,tripvillas.com
24,5da5cc6587798203da3619b1,1-10,2013-01-01,Singapore,South East Asia,Tech in Asia,Asia's Tech News for the World,4500000.0,,techinasia.com
25,5da5cc6587798203da3619b2,201-500,2013-04-01,Singapore,Mobile Commerce,Carousell,Classifieds 4.0. AI-first. Building a better marketplace for buying and selling,126800000.0,Series C,carousell.com
26,5da5cc6587798203da3619b3,11-50,2013-08-01,Singapore,Social Media Marketing,ReferralCandy,Customer referral platform used by global big brand retailers,778000.0,,referralcandy.com
27,5da5cc6587798203da3619b4,51-200,2013-12-01,Singapore,Rental Housing,99.co,Smart property search for Singapore,2560000.0,Seed,99.co
28,5da5cc6587798203da3619b5,1-10,2014-03-01,Singapore,College Recruiting,Glints,Massive Open Online Career Development: LinkedIn for Youths,3223000.0,Series A,glints.sg
29,5da5cc6587798203da3619b6,11-50,2015-03-01,Singapore,Location Based Services,Tappy PTE. LTD.,Hyperlocal social app that transforms any location into a virtual online community,200000.0,Acquired,tappy.co
30,5da5cc6587798203da3619b7,1-10,2014-11-01,Singapore,Social Recruiting,NewCampus,A lifelong learning school for people excited by change.,1200000.0,Seed,newcampus.co
31,5da5cc6587798203da3619b8,1-10,2014-12-01,Singapore,Personal Finance,Call Levels,Equalizing the playing field for everyone in the financial markets,,-,call-levels.com
32,5da5cc6587798203da3619b9,11-50,2015-06-01,Singapore,Training,SmartUp.io,Peer-to-peer micro-learning platform,5500000.0,Series A,smartup.io
33,5da5cc6587798203da3619ba,1-10,2015-08-01,Singapore,Southeast Asia,PlusMargin,The ultimate persuasion solution with the ability to influence your online users,,-,plusmargin.com
34,5da5cc6587798203da3619bb,11-50,2016-08-01,Singapore,B2B,Saleswhale (YC S16),Saleswhale is an automated sales development assistant,1320000.0,Seed,saleswhale.com
35,5da5cc6587798203da3619bc,1-10,2011-12-01,Singapore,Beauty,Luxola,SE Asia's leading online beauty retailer,11017000.0,Acquired,luxola.com
36,5da5cc6587798203da3619bd,-,2012-02-01,Singapore,-,Temasek Holdings,,,-,temasekholdings.com.sg
37,5da5cc6587798203da3619be,1-10,2012-04-01,Singapore,Sales Automation,Collabspot,The sales email platform,,-,collabspot.com
38,5da5cc6587798203da3619bf,11-50,2012-08-01,Singapore,Social Travel,Roomorama,Quality accommodations for the discerning traveler,,-,roomorama.com
39,5da5cc6587798203da3619c0,11-50,2013-02-01,Singapore,South East Asia,JFDI.Asia,Southeast Asia's First Business Accelerator,3050000.0,,jfdi.asia
40,5da5cc6587798203da3619c1,51-200,2013-02-01,Singapore,South East Asia,smove,The Apple of Urban Mobility,1050000.0,Seed,smove.sg
41,5da5cc6587798203da3619c2,1-10,2013-04-01,Singapore,Internet,Jungle Ventures,Early Stage Fund investing and helping startups scale across APAC,,-,jungle-ventures.com
42,5da5cc6587798203da3619c3,11-50,2013-03-01,Singapore,-,Plug and Play International Accelerator,,,-,plugandplaytechcenter.com
43,5da5cc6587798203da3619c4,,2014-08-01,Singapore,South East Asia,DSG Growth,Angel & VC Funding to Asian consumer businesses,,-,
44,5da5cc6587798203da3619c5,11-50,2013-05-01,Singapore,South East Asia,Hipflat,Smart Real Estate Search for Non-Transparent and Fragmented Asian Markets,635000.0,Seed,hipflat.co.th
45,5da5cc6587798203da3619c6,11-50,2013-09-01,Singapore,Waste Management,Winnow, Improving efficiency in hospitality by reducing food waste,4200000.0,Seed,winnowsolutions.com
46,5da5cc6587798203da3619c7,11-50,2014-12-01,Singapore,South East Asia,Arcstone,Operationalizing Manufacturing Data,,,arcstoneincorporated.com
47,5da5cc6587798203da3619c8,1-10,2014-05-01,Singapore,Emerging Markets,CoinPip,"The smarter, cheaper and quicker way to transfer money",,-,coinpip.com
48,5da5cc6587798203da3619c9,1-10,2014-08-01,Singapore,3D Printing,CreoPop,Cool Ink. Infinite Creativity,2000000.0,Seed,creopop.com
49,5da5cc6587798203da3619ca,,2015-02-01,Singapore,Fin Tech,NSI Ventures,Southeast Asia Early-Stage Technology Investor,,-,nsi.vc
50,5da5cc6587798203da3619cb,11-50,2015-02-01,Singapore,SaaS,Dropmysite,Leading Cloud Backup Company,,-,dropmysite.com
51,5da5cc6587798203da3619cc,,2015-04-01,Singapore,South East Asia,BWB,,,-,
52,5da5cc6587798203da3619cd,,2016-11-01,Singapore,South East Asia,DishDash,Technology-Enabled Corporate Catering,,-,dishdash.biz
53,5da5cc6587798203da3619ce,51-200,2011-06-01,Singapore,Personal Finance,MoneySmart Group,South East Asia's #1 personal finance group,12500000.0,Series B,moneysmart.co
54,5da5cc6587798203da3619cf,11-50,2013-07-01,Singapore,South East Asia,travelmob,Great places to stay in Asia Pacific,,Acquired,travelmob.com
55,5da5cc6587798203da3619d0,51-200,2013-02-01,Singapore,Data Mining,Atlan, Democratizing data for teams around the world ✨,,-,atlan.com
56,5da5cc6587798203da3619d1,11-50,2012-12-01,Singapore,Marketplaces,MotionElements,MotionElements is Asia’s #1 microstock marketplace for video makers worldwide.,,Seed,motionelements.com
57,5da5cc6587798203da3619d2,1-10,2013-01-01,Singapore,-,East Ventures,"Early stage investor. Singapore, Indonesia, Japan",,-,east.vc
58,5da5cc6587798203da3619d3,11-50,2013-12-01,Singapore,Mobile Health,Healint,High-relevance data for health treatments evaluation,250000.0,Seed,healint.com
59,5da5cc6587798203da3619d4,1-10,2013-11-01,Singapore,-,DSG Consumer Partners,Consumer focused investment company.,20000000.0,,Website
60,5da5cc6587798203da3619d5,1-10,2014-03-01,Singapore,Finance Technology,Coinhako,"Easiest way to buy, sell and secure digital assets in Asia.",,-,coinhako.com
61,5da5cc6587798203da3619d6,11-50,2014-08-01,Singapore,Laundry,WashBox24,24/7 Laundry Locker & Delivery App,,-,washbox24.com
62,5da5cc6587798203da3619d7,11-50,2014-11-01,Singapore,Tourism,Cookly,The world's largest cooking class platform,,-,cookly.me
63,5da5cc6587798203da3619d8,11-50,2015-01-01,Singapore,Sales Automation,aureso,Data-driven automotive Sales & CRM platform enabling car dealers to sell +10% more cars.,,-,aureso.com
64,5da5cc6587798203da3619d9,11-50,2015-03-01,Singapore,Mobile Video,Lomotif,Life is a Music Video,,-,lomotif.com
65,5da5cc6587798203da3619da,1-10,2015-03-01,Singapore,Doctors,TopDocs, Powering Medical Tourism,,-,topdoctors.co
66,5da5cc6587798203da3619db,11-50,2015-09-01,Singapore,Licensing,IsItUp Dotcom,Free IT & Software Asset Management + Service Desk + CashBack,,-,IsItUp.com
67,5da5cc6587798203da3619dc,11-50,2015-10-01,Singapore,Data Mining,Supahands,Providing Training Data for Machine Learning/AI Companies,,-,supahands.com
68,5da5cc6587798203da3619dd,11-50,2016-10-01,Singapore,B2B,MetroResidences,Airbnb for Corporates,,-,MetroResidences.sg
69,5da5cc6587798203da3619de,1-10,2016-01-01,Singapore,South East Asia,otobro,Beepi for Southeast Asia,,-,otobro.com
70,5da5cc6587798203da3619df,51-200,2016-03-01,Singapore,Sme Banking,First Circle,Tech-led SME financing in SE Asia,,-,firstcircle.com
71,5da5cc6587798203da3619e0,11-50,2016-07-01,Singapore,Usa,InvestaCrowd,"Asia's leading Digital Securities Platform for Real Estate, Private Equity and VC",,-,investacrowd.com
72,5da5cc6587798203da3619e1,1-10,2011-07-01,Singapore,Loyalty Programs,Gimmie,Gamification & Loyalty Solutions Provider,,-,gimmie.io
73,5da5cc6587798203da3619e2,1-10,2011-09-01,Singapore,Mobile Games,NONSTOP GAMES,Games for gamers across mobile and tablet platforms,102900000.0,Acquired,nonstop-games.com
74,5da5cc6587798203da3619e3,11-50,2013-01-01,Singapore,-,SingTel Innov8,,,-,innov8.singtel.com
75,5da5cc6587798203da3619e4,1-10,2012-11-01,Singapore,Cyber Security,ACP,"Investing in tech entrepreneurs who are transforming the way we live, work and play.",,-,acpven.com
76,5da5cc6587798203da3619e5,11-50,2012-03-01,Singapore,Mobile Commerce,ShopSpot,All the local shops you love in one place!,628000.0,Seed,shopspotapp.com
77,5da5cc6587798203da3619e6,1-10,2014-02-01,Singapore,Business Intelligence,LIFT12,The data-driven fashion,560000.0,Seed,lift12.com
78,5da5cc6587798203da3619e7,51-200,2012-07-01,Singapore,Social Media Marketing,Ematic Solutions,"Smarter Email Marketing, powered by AI.",2060000.0,Seed,ematicsolutions.com
79,5da5cc6687798203da3619e8,1-10,2013-06-01,Singapore,Forums,Scrollback,Pioneering a new medium: Micro-Forums. Chat based forums designed for modern web.,400000.0,Seed,scrollback.io
80,5da5cc6687798203da3619e9,11-50,2013-02-01,Singapore,Mobile Health,klinify,Digital Medical Assistant,605000.0,Acquired,klinify.com
81,5da5cc6687798203da3619ea,1-10,2013-09-01,Singapore,Drones,Garuda Robotics,Enterprise solutions for drones in the cloud,,-,garuda.io
82,5da5cc6687798203da3619eb,11-50,2014-04-01,Singapore,Digital Rights Management,Digify,Document Security Made Simple,,-,digify.com
83,5da5cc6687798203da3619ec,11-50,2014-02-01,Singapore,Real Estate Technology,Greyloft,Technology Enabled Real Estate Agency,1100000.0,Seed,greyloft.com
84,5da5cc6687798203da3619ed,1-10,2015-03-01,Singapore,Consumer,Cento Ventures,Scaling digital companies across early-stage markets in Southeast Asia.,,-,cento.vc
85,5da5cc6687798203da3619ee,11-50,2014-07-01,Singapore,Big Data Analytics,Nugit,From Data to Decisions,5200000.0,Seed,nugit.co
86,5da5cc6687798203da3619ef,11-50,2015-02-01,Singapore,Fast-Moving Consumer Goods,Big Data For Humans,Transforming the way retail and travel businesses understand and sell to their customers.,3600000.0,Seed,bigdataforhumans.com
87,5da5cc6687798203da3619f0,51-200,2014-12-01,Singapore,Food+Tech,Grain,Creating the future of food where eating becomes effortless and enjoyable,14150000.0,Series B,grain.com.sg
88,5da5cc6687798203da3619f1,11-50,2015-06-01,Singapore,SaaS,KeyReply (AngelPad #10),AI chatbot platform for enterprises and governments,,-,keyreply.com
89,5da5cc6687798203da3619f2,11-50,2015-06-01,Singapore,Furniture,HipVan,Furniture E-Commerce,6400000.0,Series A,hipvan.com
90,5da5cc6687798203da3619f3,1-10,2015-07-01,Singapore,Pre Seed,InseadAlum Ventures,The first dedicated INSEAD Alumni Fund. By Alumni. For Alumni.,1000000.0,Seed,Website
91,5da5cc6687798203da3619f4,,2016-03-01,Singapore,Mobile Video,Cornflix TV,Global Internet TV,,-,cornflix.tv
92,5da5cc6687798203da3619f5,11-50,2013-01-01,Singapore,Digital Media,8villages,Social network for rural populations in emerging markets,280000.0,Seed,8villages.com
93,5da5cc6687798203da3619f6,1-10,2012-03-01,Singapore,South East Asia,Flocations,"Compare 8,000+ Travel Packages from local travel agencies",612000.0,Acquired,flocations.com
94,5da5cc6687798203da3619f7,51-200,2012-03-01,Singapore,Messaging,UIB,Intelligent IoT Messaging,,-,unifiedinbox.com
95,5da5cc6687798203da3619f8,-,2014-09-01,Singapore,Enterprise Software,iSyndica,,500000.0,Series A,isyndica.com
96,5da5cc6687798203da3619f9,11-50,2013-01-01,Singapore,Financial Exchanges,LoanGarage,Marketplace for Personal Loans,355000.0,Acquired,loangarage.com
97,5da5cc6687798203da3619fa,1-10,2013-02-01,Singapore,Language Learning,Duable Chinese,"Making reading Chinese interesting, easy, and effective",,-,duablechinese.com
98,5da5cc6687798203da3619fb,11-50,2014-10-01,Singapore,Technology,FirstRide,Helping Consumers Buy New Cars & Maintain Cars Online.,100000.0,Seed,firstride.in
99,5da5cc6687798203da3619fc,1-10,2013-11-01,Singapore,Content Delivery,PicoCandy,The first and largest Stickers as a Service platform,,-,picocandy.com
100,5da5cc6687798203da3619fd,1-10,2014-01-01,Singapore,Mobile Commerce,StoryRoll,Bringing micro-video to e-commerce,19700.0,Seed,storyroll.co
101,5da5cc6687798203da3619fe,1-10,2014-04-01,Singapore,Corporate Training,Wikasa,Capture and share your presentation easily,,-,wikasa.com
102,5da5cc6687798203da3619ff,51-200,2014-05-01,Singapore,Big Data,Eyeota,Eyeota is an audience technology platform that enables the intelligent use of data.,19500000.0,Series B,eyeota.com
103,5da5cc6687798203da361a00,1-10,2014-07-01,Singapore,Technology,Codetoki,Badgeville + Match.com for hiring developers,,-,codetoki.com
104,5da5cc6687798203da361a01,1-10,2014-08-01,Singapore,Israel,Rakuten Ventures,Corporate Venture Capital arm of Rakuten Group,,-,global.rakuten.com
105,5da5cc6687798203da361a02,1-10,2014-08-01,Singapore,Global,Strike,Pre-sales Platform,50000.0,Seed,getstrike.co
106,5da5cc6687798203da361a03,11-50,2015-03-01,Singapore,Finance Technology,MarketFactory,Freeing Traders to Innovate,,-,marketfactory.com
107,5da5cc6687798203da361a04,1-10,2015-03-01,Singapore,Mobile Commerce,Bakipa,"A curated, social marketplace for children's products",115000.0,Seed,bakipa.com
108,5da5cc6687798203da361a05,1-10,2015-05-01,Singapore,Mobile Commerce,Wiindi.com,Social shopping discovery platform for SEA,,-,wiindi.com
109,5da5cc6687798203da361a06,1-10,2015-07-01,Singapore,Marketplaces,SoGal Ventures,The first female-led millennial venture capital firm,,-,sogalventures.com
110,5da5cc6687798203da361a07,1-10,2011-05-01,Singapore,Location Based Services,EatAds,Platform for the global Outdoor & OOH media industry,,-,eatads.com
111,5da5cc6687798203da361a08,1-10,2012-12-01,Singapore,Kids,PlayMoolah,The Financial Empowerment Company,450000.0,Seed,playmoolah.com
112,5da5cc6687798203da361a09,11-50,2012-03-01,Singapore,Social Media Platforms,Fetch Plus,Revenue generating platform for media and directory listing companies,567000.0,Seed,FetchPlus.com
113,5da5cc6687798203da361a0a,1-10,2012-10-01,Singapore,Messaging,Pie,Messaging for work,3200000.0,Acquired,pie.co
114,5da5cc6687798203da361a0b,-,2013-03-01,Singapore,Enterprise Software,Integral Development,,11000000.0,-,integral.com
115,5da5cc6687798203da361a0c,1-10,2013-06-01,Singapore,Emerging Markets,MOLOME,Selfie lolcat memes! On your phone! OMG!,,-,molome.com
116,5da5cc6687798203da361a0d,1-10,2014-09-01,Singapore,Professional Networking,LetsCatchup,Social Hiring and Career Discovery Platform,,-,letscatchup.net
117,5da5cc6687798203da361a0e,1-10,2013-12-01,Singapore,Big Data,enMarkit,Social Engagement and Business Intelligence Platform,11700.0,-,enmarkit.com
118,5da5cc6687798203da361a0f,1-10,2013-12-01,Singapore,Corporate Training,TapTalents,"Khan Academy for Enterprise, on mobile.",,-,taptalents.com
119,5da5cc6687798203da361a10,1-10,2013-10-01,Singapore,K-12 Education,RyMM Education,Developing productive partnership between parents and teachers,,-,rymm.com
120,5da5cc6687798203da361a11,1-10,2014-02-01,Singapore,Developer APIs,Augment,Smart Universal Inbox,3000000.0,Series A,getaugment.com
121,5da5cc6687798203da361a12,1-10,2014-06-01,Singapore,Internet of Things,DataStreamX,DataStreamX is marketplace for real time data,,-,datastreamx.com
122,5da5cc6687798203da361a13,11-50,2014-07-01,Singapore,Mobile Security,Appknox,Mobile app vulnerability detection and security certification,650000.0,Seed,appknox.com
123,5da5cc6687798203da361a14,1-10,2015-04-01,Singapore,Indonesia,Envoyrs,Airbnb for international delivery,,-,envoyrs.com
124,5da5cc6687798203da361a15,-,2014-11-01,Singapore,Lifestyle,HeyLeela,Handpicked Fashion from India's best Online Stores,,-,heyleela.com
125,5da5cc6687798203da361a16,1-10,2015-05-01,Singapore,Virtual Workforces,Execuvite,Freelance Partnerships that Work,,-,execuvite.com
126,5da5cc6687798203da361a17,-,2015-07-01,Singapore,Broadcasting,Telefun,Massively multiplayer TV,247000.0,,telefun.me
127,5da5cc6687798203da361a18,1-10,2015-12-01,Singapore,B2B,Boost OB,The Easiest Way to Get Your Sales Started,,-,boostob.com
128,5da5cc6687798203da361a19,11-50,2011-10-01,Singapore,Location Based Services,YOOSE,Beyond Location. Precise Audience.,610000.0,Seed,yoose.com
129,5da5cc6687798203da361a1a,11-50,2013-02-01,Singapore,Small and Medium Businesses,e27,,650000.0,,e27.co
130,5da5cc6687798203da361a1b,-,2012-08-01,Singapore,Venture Capital,IDM Venture Capital,Venture capital fund investing in Interactive Digital Media companies,,-,idmvc.com
131,5da5cc6687798203da361a1c,-,2012-12-01,Singapore,Loyalty Programs,Figr,Digital retail receipts and loyalty systems,200000.0,Seed,figr.com
132,5da5cc6687798203da361a1d,1-10,2013-03-01,Singapore,South East Asia,Rebright Partners,VC in South East Asia,,-,rebrightpartners.com
133,5da5cc6687798203da361a1e,51-200,2013-05-01,Singapore,-,Entrepreneur First,Transforming the lives of the most impactful people,,-,joinef.com
134,5da5cc6687798203da361a1f,51-200,2013-05-01,Singapore,Hospitality,Mobikon Asia,Customer Experience Management Platform for Hospitality & Retail,11000000.0,Series B,mobikontech.com
135,5da5cc6687798203da361a20,51-200,2016-03-01,Singapore,Market Research,Adskom,Intelligent Consumer Data Company,,Seed,adskom.com
136,5da5cc6687798203da361a21,1-10,2013-09-01,Singapore,Construction,CloudJay,"Share what you see on the field with your team in a trackable manner, instantly !",,-,cloudjay.com
137,5da5cc6687798203da361a22,11-50,2015-09-01,Singapore,Water,ECOSOFTT,Decentralized management of water and wastewater,,-,ecosoftt.org
138,5da5cc6687798203da361a23,-,2014-02-01,Singapore,South East Asia,AtticTV,Apps for Fanatics,,-,attictv.com
139,5da5cc6687798203da361a24,-,2014-03-01,Singapore,-,Patsnap,,13600000.0,Series C,patsnapglobal.com
140,5da5cc6687798203da361a25,11-50,2014-05-01,Singapore,-,Edit Suits Co.,Hassle-Free Custom Menswear Shopping,,Seed,editsuits.com
141,5da5cc6687798203da361a26,,2014-10-01,Singapore,Internet of Things,PNP TCF Multi-Stage Accelerator Program,Singapore-US Acceleration Program,,-,theco-foundry.com
142,5da5cc6687798203da361a27,11-50,2015-07-01,Singapore,Fitness,GuavaPass,One Pass. One Community.,5000000.0,Acquired,guavapass.com
143,5da5cc6687798203da361a28,11-50,2015-08-01,Singapore,ICT,German Accelerator,German Accelerator empowers German startups to scale globally.,,-,germanaccelerator.com
144,5da5cc6687798203da361a29,,2015-11-01,Singapore,Fitness,InfoGym,Collaboration between gym and client,,-,infogym.com.sg
145,5da5cc6687798203da361a2a,1-10,2018-02-01,Singapore,Virtual Workforces,Taskade,Taskade is the future of team productivity and real-time collaboration.,,-,taskade.com
146,5da5cc6687798203da361a2b,11-50,2011-11-01,Singapore,Advertising Platforms,Gushcloud,The influencer marketing company,500000.0,Seed,gushcloud.com
147,5da5cc6687798203da361a2c,-,2012-01-01,Singapore,-,MyRepublic ISP,,27600000.0,-,secure.myrepublic.com.sg
148,5da5cc6687798203da361a2d,51-200,2015-05-01,Singapore,Mobile Advertising,Affle,Affle - Consumer Intelligence Driven Mobile Marketing Platform,10000000.0,,affle.com
149,5da5cc6687798203da361a2e,11-50,2012-03-01,Singapore,Small and Medium Businesses,Osome,"Online assistant for small and medium business. Chat-centric, AI-powered.",2000000.0,Seed,osome.com
150,5da5cc6687798203da361a2f,1-10,2013-02-01,Singapore,Consulting,Cofounders.sg,Cofounders as a service,,-,cofounders.sg
151,5da5cc6687798203da361a30,201-500,2013-04-01,Singapore,Predictive Analytics,Insider,Insider is a Growth Management Platform for digital marketers.,13400000.0,Series B,useinsider.com
152,5da5cc6687798203da361a31,51-200,2014-12-01,Singapore,Photo Editing,FlixStock,"Effortless Model Imaging for eCommerce, powered by Artificial Intelligence",,-,flixstock.com
153,5da5cc6687798203da361a32,11-50,2014-03-01,Singapore,Kids,First Code Academy,"Teach coding, computational thinking and entrepreneurship to kids from 4-18 years old",,-,firstcodeacademy.com
154,5da5cc6687798203da361a33,1-10,2014-03-01,Singapore,Legal Tech,LawCanvas,Contract Management for Small Businesses in Asia,,-,lawcanvas.com
155,5da5cc6687798203da361a34,51-200,2014-04-01,Singapore,-,90 Seconds,,7500000.0,Series A,90seconds.tv
156,5da5cc6687798203da361a35,-,2014-07-01,Singapore,Finance,IMJ Investment Partners,,,-,imj-ip.com
157,5da5cc6687798203da361a36,1-10,2015-01-01,Singapore,-,COENT Venture Partners,,,-,coent.sg
158,5da5cc6687798203da361a37,501-1000,2015-03-01,Singapore,Logistics,Ninja Van,Cutting-edge logistics for e-commerce,32500000.0,Series B,ninjavan.co
159,5da5cc6687798203da361a38,,2015-03-01,Singapore,-,KK Fund,Seed Stage Fund investing Online Marketplace & Fintech startups across South East Asia,,-,kkfund.co
160,5da5cc6687798203da361a39,11-50,2015-09-01,Singapore,Marketplaces,Cafebond.com,Cafebond.com is Asia's largest specialty coffee beans e-commerce marketplace.,,-,cafebond.com
161,5da5cc6687798203da361a3a,11-50,2015-11-01,Singapore,Finance Technology,Loan Frame,Marketplace Lending for the subcontinent,2250000.0,Seed,loanframe.com
162,5da5cc6687798203da361a3b,11-50,2011-04-01,Singapore,Customer Support Tools,Zopim,Instant Customer Happyness,392000.0,-,zopim.com
163,5da5cc6687798203da361a3c,11-50,2011-07-01,Singapore,Online Shopping,Explara,"The Best ​SaaS Platform for ​Online Selling, ​Event Ticketing, Membership & Fundraising.",,-,explara.com
164,5da5cc6687798203da361a3d,,2012-01-01,Singapore,Messaging,Garena,,2000000.0,IPO,corporate.garena.com
165,5da5cc6687798203da361a3e,-,2012-12-01,Singapore,E-Commerce,iCarsClub,,10482000.0,Series A,icarsclub.com
166,5da5cc6687798203da361a3f,1-10,2014-11-01,Singapore,South East Asia,Strategia Ventures,An equity holdings and investment company,,-,strategiav.com
167,5da5cc6687798203da361a40,1-10,2013-08-01,Singapore,-,dilivrit,,,-,
168,5da5cc6687798203da361a41,1-10,2014-01-01,Singapore,Mobile Advertising,MobileAds,Mobile Rich Media Ad Creator,60000.0,Seed,MobileAds.com
169,5da5cc6687798203da361a42,1-10,2014-02-01,Singapore,Sensors,Smartgrow,"Clean, affordable food grown anywhere by anyone!",80000.0,Seed,preview.smartgrow.co
170,5da5cc6687798203da361a43,11-50,2014-05-01,Singapore,Employer Benefits Programs,Verlocal,"Scheduling software and marketplace for the creative, culinary, and wellness arts.",2650000.0,Seed,verlocal.com
171,5da5cc6687798203da361a44,11-50,2016-10-01,Singapore,Singapore,Dragon Law | HK | SG | NZ | AU,Cloud Software for Legal and Business Documents,,-,dragonlaw.com.io
172,5da5cc6687798203da361a45,51-200,2015-03-01,Singapore,Melbourne,Marcella Custom,,,-,marcellacustom.com
173,5da5cc6687798203da361a46,-,2015-10-01,Singapore,Vacation Rentals,Roomfilla,Managed Vacation Rental Aggregator for Owners,,-,roomfilla.com
174,5da5cc6687798203da361a47,11-50,2015-09-01,Singapore,Location Based Services,Belazee,Belazee is a conversational commerce platform.,500000.0,,belazee.com
175,5da5cc6687798203da361a48,1-10,2015-10-01,Singapore,Fin Tech,Cocoon Capital,"We invest in fast-growing, well-run digital startups in Southeast Asia & India",,-,cocooncap.com
176,5da5cc6687798203da361a49,11-50,2016-02-01,Singapore,Location Based Services,Jaga-Me,Decentralized Healthcare,,-,jaga-me.com
177,5da5cc6687798203da361a4a,,2016-09-01,Singapore,Energy Efficiency,Phystech Ventures,We are the first partner for EnergyTech and IT technology entrepreneurs,,-,phystechventures.com
178,5da5cc6687798203da361a4b,-,2016-12-01,Singapore,B2B,KDV Capital,KDV Capital is an early stage investment company based in Singapore.,,-,kdvcapital.com
179,5da5cc6687798203da361a4c,1-10,2011-03-01,Singapore,Shopping,Save22,O2O (Online to Offline) Retail Directory,100000.0,Seed,save22.com.sg
180,5da5cc6687798203da361a4d,51-200,2011-04-01,Singapore,Mobile Commerce,Pocketmath,A self-serve platform for buying programmatic mobile ad inventory,10000000.0,Series A,pocketmath.com
181,5da5cc6687798203da361a4e,-,2011-08-01,Singapore,iPhone,Nexgen Studio,Social Game Apps for Smart Mobile Devices,,-,nexgenstudio.com
182,5da5cc6687798203da361a4f,51-200,2013-04-01,Singapore,-,National University of Singapore (NUS),,,-,
183,5da5cc6687798203da361a50,1-10,2012-12-01,Singapore,Incubators,Incubasia Ventures,IncubAsia Ventures is early stage investment firm.,,-,incubasia-ventures.com
184,5da5cc6687798203da361a51,-,2013-01-01,Singapore,South East Asia,FInn Evdemon Capital Partners,Finn Evdemon Capital Partners is an Asian angel investments firm,,-,finn-evdemon.com
185,5da5cc6687798203da361a52,1-10,2015-10-01,Singapore,Data Security,iTwin,Securing the Public Internet,,-,itwin.com
186,5da5cc6687798203da361a53,51-200,2013-02-01,Singapore,E-Commerce Platforms,Anchanto,Ecommerce Selling and Logistic Platform,1170000.0,Series B,anchanto.com
187,5da5cc6687798203da361a54,1-10,2013-03-01,Singapore,Messaging,Duets,Whatsapp with karaoke,,Seed,duetsapp.com
188,5da5cc6687798203da361a55,1-10,2013-12-01,Singapore,Futures And Options,COINUT,Coin Ultimate Trading,,-,coinut.com
189,5da5cc6687798203da361a56,11-50,2014-06-01,Singapore,Philippines,Kashmi,Banking designed for the lifestyles of millennials,750000.0,Seed,kashmi.com
190,5da5cc6687798203da361a57,,2014-11-01,Singapore,South East Asia,Controlled Commodity,Vertically integrated fashion ecommerce,,-,controlledcommodity.com
191,5da5cc6687798203da361a58,-,2015-03-01,Singapore,Ride Sharing,GrabTaxi,"Safe, convenient, and reliable taxi rides for all",730000000.0,,grabtaxi.com
192,5da5cc6687798203da361a59,1-10,2015-07-01,Singapore,-,Singapore Angel Network- SGAN,SGAN is the early stage investment win of the Thakral Family based out of Singapore,,-,
193,5da5cc6687798203da361a5a,1-10,2016-10-01,Singapore,Messaging,Tigris Capital,Seed capital for the Southeast Asian online revolution,,-,tigriscapital.com.sg
194,5da5cc6687798203da361a5b,11-50,2015-10-01,Singapore,Blockchain / Cryptocurrency,XR Web,Decentralised protocol to build spatial XR apps,,-,xrweb.network
195,5da5cc6687798203da361a5c,11-50,2016-05-01,Singapore,Loyalty Programs,Perx Technology,Predictive Mobile Customer Engagement & Loyalty Platform,,-,getperx.com
196,5da5cc6687798203da361a5d,-,2016-12-01,Singapore,Global,Everyday People,Infleuncer marketing for the world,,-,Everyday People
197,5da5cc6687798203da361a5e,11-50,2017-04-01,Singapore,Hospitality,SensorFlow,SensorFlow makes smart buildings a reality.,,-,sensorflow.co
198,5da5cc6687798203da361a5f,-,2011-07-01,Singapore,Human Resources,IDENTIFI,Personality Assessments for Hiring,,-,identifi.com
199,5da5cc6687798203da361a60,11-50,2013-01-01,Singapore,Banking,Tookitaki,Tookitaki provides softwares to enable sustainable regulatory compliance programs,31200000.0,Series A,tookitaki.com
200,5da5cc6687798203da361a61,1-10,2013-02-01,Singapore,Social Travel,Triip,Uber for Local experiences,500000.0,Seed,triip.me
201,5da5cc6687798203da361a62,-,2013-02-01,Singapore,E-Commerce,Bellabox,,4100000.0,Series B,bellabox.sg
202,5da5cc6687798203da361a63,11-50,2013-03-01,Singapore,Translation,WritePath,A.I. powered translation for the financial industry,,-,writepath.co
203,5da5cc6687798203da361a64,51-200,2013-05-01,Singapore,Developer APIs,Wavecell,Asia's leading cloud communications platform,134905000.0,Acquired,wavecell.com
204,5da5cc6687798203da361a65,201-500,2014-01-01,Singapore,Robotics,GreyOrange,Creating hardware & software products for Robotics in warehouses,30000000.0,,greyorange.sg
205,5da5cc6687798203da361a66,1-10,2013-10-01,Singapore,Crowdfunding,LendingStar,marketplace finance connecting business and investors,300000.0,Seed,lendingstar.com
206,5da5cc6687798203da361a67,11-50,2014-01-01,Singapore,Mobile Commerce,Duriana,Mobile-first marketplace for all things beautiful in Southeast Asia.,3300000.0,Series A,duriana.com
207,5da5cc6687798203da361a68,11-50,2014-04-01,Singapore,K-12 Education,Cialfo - College Applications Platform,Cialfo simplifies college applications for one reason: to make education accessible.,,-,cialfo.co
208,5da5cc6687798203da361a69,11-50,2014-07-01,Singapore,-,Smartkarma,Research Reinvented,19710000.0,Series B,smartkarma.com
209,5da5cc6687798203da361a6a,11-50,2015-02-01,Singapore,South East Asia,Drive.SG,,947000.0,,drive.sg
210,5da5cc6687798203da361a6b,11-50,2014-10-01,Singapore,Crowdfunding,FreshMonk,A platform for crowd-funded custom apparel,,Seed,freshmonk.com
211,5da5cc6687798203da361a6c,201-500,2015-10-01,Singapore,Trading,Quoine,Advanced Bitcoin Trading Platform *Margin Trading *Algo Trading,20000000.0,Series A,quoine.com
212,5da5cc6687798203da361a6d,1-10,2015-02-01,Singapore,Hospitality,Igloohome,Smart Things for the Hospitality Industry,1250000.0,Seed,igloohome.co
213,5da5cc6787798203da361a6e,11-50,2015-03-01,Singapore,South East Asia,SanderMan. Outperform Your Potential.,"SaaS solution - competence profiling, action plan for development etc",,-,sanderman.com
214,5da5cc6787798203da361a6f,1-10,2015-12-01,Singapore,Specialty Foods,Crave Express,"The Supercharged ""Uber"" and ""Google"" for Food",,-,craveexpress.com
215,5da5cc6787798203da361a70,-,2016-02-01,Singapore,3D Printing,Structo3D,Industrial 3D Printing Company,,-,structo3d.com
216,5da5cc6787798203da361a71,,2016-02-01,Singapore,Lead Generation,OPTSEA,Digital marketing/ Corporate Venture,,-,optsea.com
217,5da5cc6787798203da361a72,1-10,2016-11-01,Singapore,Online Marketplaces,Rovo,Rovo is a free app that connects you with other players of your skill level nearby.,,-,rovo.co
218,5da5cc6787798203da361a73,-,2012-09-01,Singapore,Mobile Advertising,RichMediaAds,Online Banner Maker To Create Interactive Rich Media Ads,15000.0,Seed,RichMediaAds.com
219,5da5cc6787798203da361a74,11-50,2013-02-01,Singapore,Mobile Payments,Coda Payments,,5200000.0,,codapay.com
220,5da5cc6787798203da361a75,1-10,2013-02-01,Singapore,Location Based Services,Placety,Facebook meets Yelp. But better!,,-,placety.com
221,5da5cc6787798203da361a76,1-10,2013-03-01,Singapore,Photo Sharing,Shutterpair,Instagram meets dropbox,,-,shutterpair.com
222,5da5cc6787798203da361a77,1-10,2014-03-01,Singapore,Internet of Things,Pix Vine Capital (PixVC),Investing in Deep Technologies & Startups in Israel and South Asia.,,-,PixVC.com
223,5da5cc6787798203da361a78,51-200,2013-05-01,Singapore,Blockchains,Luno,"Cryptocurrency for everyone, everywhere",12800000.0,Series B,luno.com
224,5da5cc6787798203da361a79,1-10,2013-06-01,Singapore,Marketplaces,ClockWorks,A web platform that allows you to post your jobs/errands and get it done by other people.,,-,clockworks.sg
225,5da5cc6787798203da361a7a,1-10,2013-09-01,Singapore,Social Travel,Firefly Experience,"An all-encompassing mobile travel app, illuminating journeys!",1131114.0,Seed,firef.ly
226,5da5cc6787798203da361a7b,11-50,2014-01-01,Singapore,Social Travel,BeMyGuest.com.sg,Tours & Activities Content Management Technology,,-,bemyguest.com.sg
227,5da5cc6787798203da361a7c,1-10,2014-04-01,Singapore,Communications Hardware,HaxAsia,Investor in hardware 2.0 and other cool tech,,-,haxasia.com
228,5da5cc6787798203da361a7d,-,2014-05-01,Singapore,Big Data Analytics,ERN,Big Data Analytics For Banks,1000000.0,,ernglobal.com
229,5da5cc6787798203da361a7e,11-50,2014-07-01,Singapore,Governance,Otonomos,"A simpler way to incorporate your company, manage your shareholders and govern your board.",,-,otonomos.com
230,5da5cc6787798203da361a7f,,2014-07-01,Singapore,Southeast Asia,Pagepink,TripAdvisor for Beauty & Wellness Services,,-,pagepink.com
231,5da5cc6787798203da361a80,11-50,2014-10-01,Singapore,Social Innovation,AlemHealth,Radiology Anywhere for Everyone,85000.0,,alemhealth.com
232,5da5cc6787798203da361a81,11-50,2015-08-01,Singapore,Brand Marketing,Dovetale,Marketing and relationship management tools to manage work with creative partners,500000.0,Seed,dovetale.com
233,5da5cc6787798203da361a82,201-500,2015-10-01,Singapore,Supply Chain Management,R3,,,-,R3.com
234,5da5cc6787798203da361a83,1-10,2016-12-01,Singapore,Corporate Training,Gnowbe,Slack for Learning,,-,gnowbe.com
235,5da5cc6787798203da361a84,11-50,2017-03-01,Singapore,-,UMAI Restaurant Software,,,Seed,letsumai.com
236,5da5cc6787798203da361a85,-,2011-11-01,Singapore,Loyalty Programs,Hachicode,connecting people and their purchases,,-,hachicode.com
237,5da5cc6787798203da361a86,-,2012-01-01,Singapore,Games,Gumi,,94000000.0,IPO,gu3.co.jp
238,5da5cc6787798203da361a87,1-10,2012-12-01,Singapore,-,TNF Ventures,,,-,tnfventures.com
239,5da5cc6787798203da361a88,1-10,2013-02-01,Singapore,Beauty,triibe,Feedback to Actions to Profits.,40000.0,Acquired,trii.be
240,5da5cc6787798203da361a89,1-10,2013-05-01,Singapore,Lead Generation,Styleprofile,Collaborative shopping for fashion in Asia,,,Styleprofile.me
241,5da5cc6787798203da361a8a,1-10,2014-02-01,Singapore,Application Platforms,Street Smart University,World Class Learning in the Palms of Millions,45000.0,Seed,streetsmartuniversity.info
242,5da5cc6787798203da361a8b,1-10,2013-09-01,Singapore,E-Commerce,Zalora,Asia's biggest online fashion store,238000000.0,,zalora.com
243,5da5cc6787798203da361a8c,1-10,2013-10-01,Singapore,Hotels,TheSmartLocal,Singapore's fastest growing lifestyle portal,,-,thesmartlocal.com
244,5da5cc6787798203da361a8d,1-10,2014-07-01,Singapore,Investment Management,Invessence,Digital Wealth Management Technology for Global Financial Firms,,Seed,invessence.com
245,5da5cc6787798203da361a8e,1-10,2013-12-01,Singapore,-,FocusTech Ventures,Seed Investment Firm. Singapore. SE Asia,,-,focustechventures.com
246,5da5cc6787798203da361a8f,-,2014-03-01,Singapore,Tourism,Getourguide,Social Travel Collaboration Platform,75000.0,-,getourguide.com
247,5da5cc6787798203da361a90,-,2014-04-01,Singapore,-,Innosight Ventures,,,-,innosightventures.com
248,5da5cc6787798203da361a91,11-50,2014-05-01,Singapore,Supply Chain Management,Quincus,Making Logistics Simple,,Seed,quincus.com
249,5da5cc6787798203da361a92,1-10,2014-10-01,Singapore,Travel & Tourism,TripCribs,Online Travel Personalisation,,-,tripcribs.com
250,5da5cc6787798203da361a93,1-10,2015-01-01,Singapore,K-12 Education,DocuBuzz,Smart content-centered collaboration,,-,docubuzz.com
251,5da5cc6787798203da361a94,1-10,2015-01-01,Singapore,Internet of Things,GeoG,The Complete Information Platform for the Internet of Things,,-,geog.co
252,5da5cc6787798203da361a95,11-50,2016-06-01,Singapore,-,Golden Equator Capital,Golden Equator Capital is a Singapore-based private equity firm.,,-,goldenequatorcapital.com
253,5da5cc6787798203da361a96,11-50,2015-02-01,Singapore,Computer Vision,NetVirta,Accurate 3D made simple,,-,netvirta.com
254,5da5cc6787798203da361a97,51-200,2015-05-01,Singapore,South East Asia,Leo Tech,"Technology consultancy, Venture builder, VC",,-,leotech.com.sg
255,5da5cc6787798203da361a98,11-50,2012-08-01,Singapore,-,Acme Mobile,Leading Distributor of Mobile Entertainment Products Across Asia,,-,
256,5da5cc6787798203da361a99,-,2012-12-01,Singapore,Reviews and Recommendations,Roam7,Better way to get travel advice,,-,roam7.com
257,5da5cc6787798203da361a9a,1-10,2013-01-01,Singapore,Gamification,YouCommentate,"Reinventing TV with fan-sourced, live audio commentaries – starting with sport.",200000.0,Seed,youcommentate.com
258,5da5cc6787798203da361a9b,1-10,2013-07-01,Singapore,Mobile Commerce,ShootnSell,Create and share your beautiful ads in an instant! #ShootnSell,,-,shootnsell.co
259,5da5cc6787798203da361a9c,1-10,2013-08-01,Singapore,Real Estate Investors,CoAssets,Matching real estate opportunities with investments,,-,coassets.com
260,5da5cc6787798203da361a9d,51-200,2014-02-01,Singapore,Digital Media,Oddle,Online ordering system for restaurants,1000000.0,Seed,oddle.me
261,5da5cc6787798203da361a9e,1-10,2014-02-01,Singapore,Indonesia,Kathrein Ventures,Seed Investment Firm. South East Asia,,-,kathreinventures.com
262,5da5cc6787798203da361a9f,51-200,2014-03-01,Singapore,Online Dating,Paktor,,51700000.0,,gopaktor.com
263,5da5cc6787798203da361aa0,1-10,2014-06-01,Singapore,Indian Diaspora,PlusFlix,Online streaming Indian TV content,40000.0,Seed,plusflix.com
264,5da5cc6787798203da361aa1,1-10,2014-05-01,Singapore,Indonesia,Televate,No more waiting at call centres,,-,televate.io
265,5da5cc6787798203da361aa2,11-50,2015-09-01,Singapore,Urban Mobility,Scooterson,Intelligent electric scooters and technology for ride-sharing,2750000.0,Seed,scooterson.com
266,5da5cc6787798203da361aa3,1-10,2014-10-01,Singapore,Startups,Melewi,We're a kickass travelling UX UI design studio with a global perspective.,,-,melewi.net
267,5da5cc6787798203da361aa4,11-50,2016-02-01,Singapore,Reviews and Recommendations,ShopVenture,Yelp for online fashion brands.,,-,shopventure.com
268,5da5cc6787798203da361aa5,51-200,2014-12-01,Singapore,Philippines,CXA Group,Asia's first Insurance & Wellness Marketplace,8000000.0,Series A,cxagroup.com
269,5da5cc6787798203da361aa6,,2015-02-01,Singapore,Cosmetic Surgery,BodyTravel,Online Marketplace for Cosmetic Surgery and Dental Tourism,,-,bodytravel.com
270,5da5cc6787798203da361aa7,-,2015-05-01,Singapore,Marketplaces,Morph Ventures,Startup studio building billion dollar mobile & web businesses,,-,morphventures.com
271,5da5cc6787798203da361aa8,51-200,2016-05-01,Singapore,Indonesia,ShopBack,The Smarter Way to Shop,,-,shopback.sg
272,5da5cc6787798203da361aa9,-,2015-09-01,Singapore,South East Asia,LittleLives,SaaS for Preschools,,-,littlelives.com
273,5da5cc6787798203da361aaa,1-10,2015-10-01,Singapore,Financial Technology,Allocated Bullion Solutions,Physical Commodities Electronic Trading Platform.,,-,allocatedbullion.sg
274,5da5cc6787798203da361aab,11-50,2017-03-01,Singapore,Insurance,Raxel Telematics,We unlock powerful insights of telematics data,,-,raxeltelematics.com
275,5da5cc6787798203da361aac,1-10,2012-10-01,Singapore,Doctors,DoctorPage,The Healthcare Portal for Asia,,Acquired,doctorpage.sg
276,5da5cc6787798203da361aad,1-10,2013-03-01,Singapore,Mobile Games,Sogamo,Social Games Monetization Tool,500000.0,Seed,sogamo.com
277,5da5cc6787798203da361aae,1-10,2014-07-01,Singapore,Drones,Avetics Global,Drone inspection technology,,-,avetics.com
278,5da5cc6787798203da361aaf,1-10,2013-12-01,Singapore,Retail Technology,CryoWerx,Fresh food anywhere anytime,,-,cryowerx.com
279,5da5cc6787798203da361ab0,1-10,2013-11-01,Singapore,Mobile Commerce,Hijab2go,Mobile marketplace for Muslim fashion connecting women and retailers globally,,-,hijab2go.com
280,5da5cc6787798203da361ab1,1-10,2013-10-01,Singapore,Fast-Moving Consumer Goods,MAP2 Ventures,"Advisory Service, Mentorship, Board Member, Funding",,-,map2ventures.com
281,5da5cc6787798203da361ab2,1-10,2013-10-01,Singapore,Coffee,MAP2Cafe,"Reviews, Listing, Community",,-,map2cafe.com
282,5da5cc6787798203da361ab3,-,2014-01-01,Singapore,Wine And Spirits,The French Cellar,Wine subscription in Asia,1000000.0,Series A,thefrenchcellar.sg
283,5da5cc6787798203da361ab4,11-50,2014-03-01,Singapore,Language Learning,Click and Study,Duolingo meets video,460000.0,Seed,clickandstudy.com
284,5da5cc6787798203da361ab5,-,2014-04-01,Singapore,Medical Devices,Red Dot Ventures,We fund startups in Singapore,,-,reddotventures.com
285,5da5cc6787798203da361ab6,11-50,2014-07-01,Singapore,Small and Medium Businesses,Capital Match,Peer-to-peer lending online marketplace to SMEs in Singapore / Southeast Asia,,-,capital-match.com
286,5da5cc6787798203da361ab7,1-10,2014-12-01,Singapore,South East Asia,r3i Ventures,R3I is an early-stage venture capital firm.,,-,r3iventures.com
287,5da5cc6787798203da361ab8,1-10,2015-03-01,Singapore,Financial Services,FinTech Consortium,The Launch Pad for Finance and Technology in Singapore,,-,fintech-consortium.com
288,5da5cc6787798203da361ab9,1-10,2015-04-01,Singapore,Startups,Segnel Ventures Pte Ltd,Engaging VC Firm,,-,segnel.com
289,5da5cc6787798203da361aba,-,2016-03-01,Singapore,E-Commerce Platforms,Bambou Tree Ventures,Better connecting Myanmars into the world with its own language,,-,Bambou Tree Ventures ( under developing)
290,5da5cc6787798203da361abb,11-50,2016-05-01,Singapore,Finance Technology,Eximchain,"Eximchain enables businesses to connect, transact, and share information more efficiently.",,-,eximchain.com
291,5da5cc6787798203da361abc,11-50,2016-04-01,Singapore,Logistics,GoComet,#1 Enterprise software to negotiate export freight better faster and smarter.,,-,gocomet.in
292,5da5cc6787798203da361abd,1-10,2016-07-01,Singapore,Edtech,PortfolioQuest,Flight Simulators for Bankers,,-,fintalent.com
293,5da5cc6787798203da361abe,11-50,2017-03-01,Singapore,Growth Hacker,Ramblin' Brands,Disruptive Consumer Brands in Niche Categories,,-,SmileMakersCollection.com www.ramblinbrands.com
294,5da5cc6787798203da361abf,11-50,2012-04-01,Singapore,Communications Infrastructure,Hoiio,Hoiio simplifies unified communication technologies into elegant cloud services.,,-,hoiio.com
295,5da5cc6787798203da361ac0,-,2012-01-01,Singapore,Networking,Mozat,,,Acquired,mozat.com
296,5da5cc6787798203da361ac1,1-10,2013-01-01,Singapore,South East Asia,BANSEA,Asia's Oldest Angel Investment Network,,-,bansea.org
297,5da5cc6787798203da361ac2,11-50,2012-03-01,Singapore,Corporate Training,Teamie,Collaborative Learning Platform,500000.0,Seed,theteamie.com
298,5da5cc6787798203da361ac3,-,2012-09-01,Singapore,Creative,Affinnova,,10500000.0,Series B,affinnova.com
299,5da5cc6787798203da361ac4,11-50,2013-01-01,Singapore,Singapore,Gametize,The world's simplest gamification platform.,,-,gametize.com
300,5da5cc6787798203da361ac5,1-10,2013-02-01,Singapore,Collectibles,Collectibly,Collecting Made Easy,,-,collectib.ly
301,5da5cc6787798203da361ac6,1-10,2013-09-01,Singapore,South East Asia,Startup Jobs Asia,"""Sexify"" jobs at Startup and grow the human capital eco-system for Startup.",,-,startupjobs.asia
302,5da5cc6787798203da361ac7,11-50,2013-09-01,Singapore,Application Platforms,SourceClear a division of Veracode,The Security Company for Software Developers.,11500000.0,Series A,sourceclear.com
303,5da5cc6787798203da361ac8,,2014-11-01,Singapore,Cleaning,Spickify.com,Fuss-free cleaning in Singapore,,-,spickify.com
304,5da5cc6787798203da361ac9,1-10,2014-12-01,Singapore,Online Marketplaces,Megafash,Marketplace & maker of e-commerce tools that small business owners love,320000.0,Seed,megafash.com
305,5da5cc6787798203da361aca,1-10,2015-07-01,Singapore,Messaging,Cloudilly,Build Realtime Fast,,-,cloudilly.com
306,5da5cc6787798203da361acb,1-10,2015-07-01,Singapore,Journalism,Bolt Media,Helping brands tell great stories,,-,boltmedia.co
307,5da5cc6787798203da361acc,1-10,2015-09-01,Singapore,Marathon,42Race,"Together, we inspire millions to run.",500000.0,Seed,42race.com
308,5da5cc6787798203da361acd,1-10,2015-11-01,Singapore,B2B,ihram,Trustable Moslem Travel Marketplace,50000.0,Seed,ihram.asia
309,5da5cc6787798203da361ace,11-50,2016-04-01,Singapore,Video Streaming,Popsical,We are building an incredible Karaoke experience,,-,popsical.com
310,5da5cc6787798203da361acf,51-200,2016-05-01,Singapore,Financial Technology,YouTrip (www.you.co),Building a new digital bank in Asia,,-,you.co
311,5da5cc6787798203da361ad0,51-200,2016-06-01,Singapore,Indonesia,Helpster,On demand staffing platform,2100000.0,,helpster.asia
312,5da5cc6787798203da361ad1,,2016-11-01,Singapore,Singapore,Homage,Home care done right,1200000.0,Seed,homage.co
313,5da5cc6787798203da361ad2,-,2017-06-01,Singapore,Blockchains,Bluzelle,The Oracle Systems for Blockchain,400000.0,Seed,bluzelle.com
314,5da5cc6787798203da361ad3,1-10,2014-08-01,Singapore,South East Asia,TinyTrunk,Curated Lifestyle Marketplace,,-,tinytrunk.co
315,5da5cc6787798203da361ad4,1-10,2012-07-01,Singapore,Consulting,Galixo,"Designing Disruptive Business Strategy in the Tech, Mobile & Digital Space",,-,galixo.com
316,5da5cc6787798203da361ad5,11-50,2013-01-01,Singapore,-,Fastacash,,18000000.0,Series A,fastacash.com
317,5da5cc6787798203da361ad6,1-10,2013-10-01,Singapore,Online Dating,Love Out Loud Asia,"The most hassle-free, human-assisted, real dating app in Asia.",43000.0,Acquired,loveoutloud.asia
318,5da5cc6787798203da361ad7,-,2014-02-01,Singapore,Video,Snyppit,Mobile video self expression platform,521000.0,Seed,snyppit.com
319,5da5cc6787798203da361ad8,1-10,2015-04-01,Singapore,Indonesia,Wootag,Go Beyond Views,830000.0,Seed,wootag.com
320,5da5cc6787798203da361ad9,1-10,2014-10-01,Singapore,Messaging,Wander,Group Chat for Strangers,409000.0,Seed,wander.chat
321,5da5cc6787798203da361ada,11-50,2014-11-01,Singapore,Hotels,Kaligo,"Book hotels - earn free flights, upgrades & more!",,-,kaligo.com
322,5da5cc6787798203da361adb,1-10,2014-12-01,Singapore,Mobile Health,MyDoc,We Simplify Healthcare,5200000.0,Series A,my-doc.com
323,5da5cc6787798203da361adc,51-200,2017-02-01,Singapore,Internet of Things,ABEJA,Industrial Structure Revolution by Deep Learning,45000000.0,Series C,abeja.asia
324,5da5cc6787798203da361add,1-10,2015-03-01,Singapore,Developer APIs,Connect Over,"Dynamic data delivery platform to connect, scale and secure.",,-,connectover.com
325,5da5cc6787798203da361ade,11-50,2015-03-01,Singapore,Mobile,LiteLabs,We are developing exciting products for Singapore and Indonesia,,-,litelabs.com
326,5da5cc6787798203da361adf,11-50,2015-11-01,Singapore,Education Technology,CognaLearn,Replace lectures with team-based learning,,-,intedashboard.com
327,5da5cc6787798203da361ae0,11-50,2015-12-01,Singapore,Singapore,CaterSpot,CaterSpot is leading Asia's business catering marketplace,800000.0,Seed,caterspot.com
328,5da5cc6787798203da361ae1,1-10,2016-11-01,Singapore,-,Aerro,,,-,aerro.com
329,5da5cc6787798203da361ae2,1-10,2017-01-01,Singapore,Crowdsourcing,Tradably,AirBNB for Investments,,-,tradably.com
330,5da5cc6787798203da361ae3,1-10,2017-04-01,Singapore,South East Asia,Blockchain Foundry,Blockchain Foundry is an enterprise Blockchain Platform-as-a-Service and App Marketplace.,,-,blockchainfoundry.com
331,5da5cc6787798203da361ae4,1-10,2013-04-01,Singapore,Private Social Networking,Qlubber,Your passport to music events.,,-,qlubber.com
332,5da5cc6787798203da361ae5,-,2012-02-01,Singapore,Crowdsourcing,Milaap.org,,1300000.0,-,milaap.org
333,5da5cc6787798203da361ae6,-,2012-03-01,Singapore,Location Based Services,Noise Street,,,-,noisestreet.com
334,5da5cc6787798203da361ae7,1-10,2012-04-01,Singapore,Social Commerce,MallMate,the smart guide to shopping malls,,,mallmate.com
335,5da5cc6787798203da361ae8,-,2012-04-01,Singapore,Content Discovery,appjak,Gamified content-sharing apps,,-,appjak.com
336,5da5cc6787798203da361ae9,1-10,2012-11-01,Singapore,-,Get2Volume Accelerator,"Singapore Incubator and Seed Fund.  Tech Growth Through Capabilities, Capital, Connections",,-,g2vaccelerator.com
337,5da5cc6787798203da361aea,11-50,2013-08-01,Singapore,Banking,Aureus Analytics,BigData Analytics at the Point of Decison Making,,-,aureusanalytics.com
338,5da5cc6787798203da361aeb,1-10,2013-12-01,Singapore,Wine And Spirits,ChateauAsia,ChateauAsia provides curated French Wines to the Singaporean market,,-,chateauasia.com
339,5da5cc6787798203da361aec,1-10,2014-01-01,Singapore,-,Unicon,Mobile game development platform. High engagement and monetize.,,-,fello.net
340,5da5cc6787798203da361aed,1-10,2014-03-01,Singapore,Web Design,Half Grand,A Different Kind of Web Design Agency,,-,halfgrand.com
341,5da5cc6787798203da361aee,1-10,2014-04-01,Singapore,Small and Medium Businesses,MAQTOOB,Find the business tool you need.,,-,maqtoob.com
342,5da5cc6787798203da361aef,1-10,2014-06-01,Singapore,Boston,Pamperologist,Yelp for Beauty Salons,,-,pamperologist.com
343,5da5cc6787798203da361af0,1-10,2014-07-01,Singapore,Singapore,JolliDeal.com,Penny auction,,-,jollideal.com
344,5da5cc6787798203da361af1,1-10,2014-07-01,Singapore,Emerging Markets,Emerging Frontiers,Connecting Investors to Great Companies in the Developing World,,-,emergingfrontiers.com
345,5da5cc6787798203da361af2,1-10,2015-04-01,Singapore,Mobile Payments,ONEPAY,Sending & spending money should be free.,,-,onepayworld.com
346,5da5cc6787798203da361af3,11-50,2017-03-01,Singapore,Marketplaces,Intrepid Technology,Digital makerspace connecting entrepreneurs to developers and designers.,,-,intrepid.technology
347,5da5cc6787798203da361af4,11-50,2015-05-01,Singapore,Personal Branding,Astronaut,http://astrnt.co/,,-,astrnt.co
348,5da5cc6787798203da361af5,,2016-10-01,Singapore,Technology,Marvelstone Group,Private Investment Group,,-,marvelstone.co
349,5da5cc6787798203da361af6,11-50,2016-02-01,Singapore,Databases,imSold!,Social marketplace for preloved goods,,-,imsold.com
350,5da5cc6787798203da361af7,11-50,2016-08-01,Singapore,Personal Finance,Seedly,Make Smarter Financial Decisions,,-,seedly.sg
351,5da5cc6887798203da361af8,-,2012-02-01,Singapore,Product Design,CuriousCatch,Online TV Shopping Channel for designer products.,,-,curiouscatch.com
352,5da5cc6887798203da361af9,-,2012-07-01,Singapore,Facebook Applications,Media Pop,"Asia's Wildfire - We provide Social Media campaigns, facebook & mobile apps",,-,mediapop.co
353,5da5cc6887798203da361afa,-,2012-11-01,Singapore,B2B,Marine Trade Floor,First & Only B2B ReverseAuction Cloud-Marketplace for the Global Maritime Industry,30000.0,Seed,marinetradefloor.com
354,5da5cc6887798203da361afb,-,2012-12-01,Singapore,B2B,Socialwalk,Match.com for B2B Trade Markets,400000.0,Seed,socialwalk.com
355,5da5cc6887798203da361afc,11-50,2014-09-01,Singapore,Business Analytics,Einsights,Revolutionary SaaS based BI solution,1150000.0,Seed,einsights.com
356,5da5cc6887798203da361afd,-,2013-09-01,Singapore,E-Commerce,Lazada,South-East Asia largest E-commerce company,250000000.0,,lazada.com
357,5da5cc6887798203da361afe,1-10,2013-10-01,Singapore,Rental Housing,PlaceMatch,Long-term accommodation rental,,-,PlaceMatch.asia
358,5da5cc6887798203da361aff,-,2013-11-01,Singapore,Augmented Reality,Unlimited Capital,,,-,unlimitedcap.com
359,5da5cc6887798203da361b00,1-10,2014-01-01,Singapore,Gamification,BankersLab,Flight Simulators for Bankers,,-,bankerslab.com
360,5da5cc6887798203da361b01,1-10,2014-07-01,Singapore,Robotics,Pebby,Play with your pets from anywhere,1200000.0,Seed,getpebby.com
361,5da5cc6887798203da361b02,1-10,2014-11-01,Singapore,-,esiemi Labs,High technology investments,,-,esiemi.com
362,5da5cc6887798203da361b03,1-10,2014-11-01,Singapore,Career Management,Jobiness,A career community that offers and inside look into organizations,,-,jobiness.com
363,5da5cc6887798203da361b04,1-10,2015-10-01,Singapore,-,Taskulu,"Highly integrated, extensible online collaboration platform",100000.0,Seed,taskulu.com
364,5da5cc6887798203da361b05,-,2015-07-01,Singapore,Career Management,BestTop Consulting,Customised Career Services,,-,besttopcareer.com
365,5da5cc6887798203da361b06,,2015-07-01,Singapore,Mobile Games,Nhance App,"Mobile games to help professionals assess and enhance their skills. Any time, any place.",,-,nhanceapp.com
366,5da5cc6887798203da361b07,,2016-06-01,Singapore,Productivity Software,Simplify,Productivity among small groups,,-,hellosimplify.com
367,5da5cc6887798203da361b08,1-10,2016-04-01,Singapore,Fin Tech,tryb Group,We invest in ASEAN fintech,,-,trybgroup.com
368,5da5cc6887798203da361b09,11-50,2016-07-01,Singapore,Social Travel,Flying Chalks,Overseas studies community,40000.0,Seed,flyingchalks.com
369,5da5cc6887798203da361b0a,1-10,2017-05-01,Singapore,Internet of Things,Ideal Workspace,Optimising Workplace Health,420000.0,Seed,altizen.com
370,5da5cc6887798203da361b0b,1-10,2017-10-01,Singapore,Fitness,MindFi,Attention/ meditation coach for productivity,,-,mindfi.co
371,5da5d20ede9f786ce051b5e0,1001-5000,2013-04-01,Singapore,Human Resources,Nigel Frank International,Global Leader in Microsoft Dynamics Recruitment,,-,nigelfrank.com
372,5da5d20ede9f786ce051b5e1,1-10,2015-04-01,Singapore,-,Verso,We design digital experiences that tell better human stories,,-,verso.digital
373,5da5d20ede9f786ce051b5e2,11-50,2015-06-01,Singapore,E-Commerce,Weeloy - Singapore,BtoBtoC for F&B with gamification,,-,"weeloy.io, www.weeloy.com"
374,5da5d20ede9f786ce051b5e3,1-10,2016-08-01,Singapore,Pet Care,Perro Company,Pet Care E-commerce Ecosystem,,-,perrocompany.com
375,5da5d20ede9f786ce051b5e4,,2016-10-01,Singapore,Financial Services,Company not being setup yet,a proprietary trading mode to safely grow capital in capital markets,,-,not applicable
376,5da5d20ede9f786ce051b5e5,-,2016-11-01,Singapore,South East Asia,Kazuu Music Network,"KaZuu, everything music: a place for all things music and all people who are musical.",,-,kazuumusic.com
377,5da5d20ede9f786ce051b5e6,,2016-12-01,Singapore,Shipping,ChartDesk,Solutions for Chartering,,-,chartdesk.pro
378,5da5d20ede9f786ce051b5e7,1-10,2016-12-01,Singapore,Baby And Kids,Baby & Kids Fair,Boutique baby products market place,,-,babyfair.com.sg
379,5da5d20ede9f786ce051b5e8,11-50,2017-01-01,Singapore,Consulting,Passion Peers,Digital Transformation Solutions and Platforms Company,,-,passionpeers.com
380,5da5d20ede9f786ce051b5e9,-,2017-06-01,Singapore,Indonesia,BoardPAC,BoardPAC for Paperles corproate meetings,,-,boardpac.co
381,5da5d20ede9f786ce051b5ea,1-10,2017-02-01,Singapore,Finance Technology,Consultwho.sg,Marketplace for financial advice,,-,consultwho.sg
382,5da5d20ede9f786ce051b5eb,11-50,2017-03-01,Singapore,Fin Tech,Covalent Capital,Developer of shared utilities for the debt capital markets globally,,-,covacap.com
383,5da5d20ede9f786ce051b5ec,1-10,2017-03-01,Singapore,Startups,Witherhype,Profits in Possibilities,,-,
384,5da5d20ede9f786ce051b5ed,1-10,2017-05-01,Singapore,Productivity Software,Hubble,Build Next Generation Smart Construction Worksite,,-,hubble.sg
385,5da5d20ede9f786ce051b5ee,1-10,2017-05-01,Singapore,Postal and Courier Services,MXHL PTE LTD (Uparcel),Crowd-sourcing delivery platform,,-,uparcel.sg
386,5da5d20ede9f786ce051b5ef,1-10,2017-06-01,Singapore,Artificial Intelligence,Vybes,Vybes’s mission is to connect influencers to their fans in a unique way.,,-,getvybes.co
387,5da5d20ede9f786ce051b5f0,11-50,2017-07-01,Singapore,Technology,The New Luncher,"We cook, deliver nutritious lunch box to school kids",,-,thenewluncher.com
388,5da5d20ede9f786ce051b5f1,1-10,2017-07-01,Singapore,Mobile Commerce,Amtper,Amtper : Services at your fingertips.,,-,amtper.com
389,5da5d20ede9f786ce051b5f2,1-10,2017-08-01,Singapore,Sales Automation,Bayes Digital Solutions,ZERO coding for small medium businesses to scale rapidly,,-,bayesdigital.com
390,5da5d20ede9f786ce051b5f3,11-50,2015-07-01,Singapore,-,Whites Group,,,-,
391,5da5d20ede9f786ce051b5f4,11-50,2015-11-01,Singapore,Furniture,Ethnicraft Online Singapore,Singapore's Premier Online Furniture Store,,-,ethnicraft-online.com.sg
392,5da5d20ede9f786ce051b5f5,11-50,2016-08-01,Singapore,Mobile Commerce,Codigo Singapore,"SG-based mobile company that develops, incubates and coaches.",,-,codigo.sg
393,5da5d20ede9f786ce051b5f6,1-10,2016-08-01,Singapore,Bitcoin Exchange,Bitcoin Trading,2.2% Daily - Double in 90 days- Plus 15%,,-,gladiacoin.com
394,5da5d20ede9f786ce051b5f7,11-50,2016-09-01,Singapore,Wine And Spirits,Small Batch Learning,The Smart Learning Network for hospitality,,-,smallbatchlearning.com
395,5da5d20ede9f786ce051b5f8,11-50,2016-09-01,Singapore,Professional Networking,SSomens Software Development,CUSTOMISED SOFTWARE DEVELOPMENT - GOOGLE CLOUD COMPUTING,,-,ssomens.com
396,5da5d20ede9f786ce051b5f9,1-10,2016-10-01,Singapore,Digital Entertainment,iConcerts Asia Private Ltd - Stingray,The world-leading provider of multiplatform music products,,-,iconcerts.com
397,5da5d20ede9f786ce051b5fa,1-10,2016-10-01,Singapore,-,PokeStop.com.sg,,,-,
398,5da5d20ede9f786ce051b5fb,-,2017-01-01,Singapore,Web Development,Redevon,Web & Cloud Solution Provider,,-,redevon.com
399,5da5d20ede9f786ce051b5fc,1-10,2017-02-01,Singapore,Nanotechnology,Qubitor,Thermoelectrics based Waste Heat Recovery system with Industrial IoT,,-,qubitor.com
400,5da5d20ede9f786ce051b5fd,1-10,2017-02-01,Singapore,Enterprise Software,Kreme Consulting,Start Up Executive Search Agency with headquarters based in Singapore,,-,kremeconsulting.com
401,5da5d20ede9f786ce051b5fe,-,2017-02-01,Singapore,Hospitality,CoreBPM,Enterprise POS/ERP Platform,,-,corebpm.com
402,5da5d20ede9f786ce051b5ff,1-10,2017-02-01,Singapore,Social Media Platforms,Plexxie,A Creative and Social Media Marketing Agency with an online creative community.,,-,plexxie.com
403,5da5d20ede9f786ce051b600,1-10,2017-05-01,Singapore,Mobile Application,Codeangels Singapore,Helping firms never worry about hiring app developers again,,-,
404,5da5d20ede9f786ce051b601,1-10,2017-05-01,Singapore,Food and Beverages,FnBees,Food & Beverage Accelerator,,-,fnbees.com
405,5da5d20ede9f786ce051b602,1-10,2017-06-01,Singapore,Service Industries,Adobha,Shared living spaces for Expats in Singapore,,-,adobha.com
406,5da5d20ede9f786ce051b603,1-10,2017-07-01,Singapore,Small and Medium Businesses,EINS TECHNOLOGY,Online Content Management and Services,,-,einstech.com
407,5da5d20ede9f786ce051b604,201-500,2017-07-01,Singapore,Advertising Platforms,AnyMind Group,"AnyMind Group is the parent company of AdAsia Holdings, TalentMind and CastingAsia.",,-,adasiaholdings.com
408,5da5d20ede9f786ce051b605,11-50,2017-07-01,Singapore,Banking,Bank Genie,Branchless banking solution to Banks,,-,bank-genie.com
409,5da5d20ede9f786ce051b606,11-50,2017-07-01,Singapore,Industrial,Engineering Edge SINGAPORE,B2B eCommerce,,-,engineering-edge.com
410,5da5d20ede9f786ce051b607,1-10,2017-01-01,Singapore,Visualization,OneAnalytix,Data-Science driven marketing,,-,1analytix.com
411,5da5d20ede9f786ce051b608,1-10,2017-01-01,Singapore,Legal Tech,LegalFAB.com,Smart Contracts for legal documents,,-,legalfab.com
412,5da5d20ede9f786ce051b609,1-10,2017-01-01,Singapore,Hospitality,mynja,predictive marketing for hotels,,-,mynja.com
413,5da5d20ede9f786ce051b60a,11-50,2017-02-01,Singapore,Cloud Data Services,H3 Dynamics Holdings,End-to-End Automation of Commercial Inspection Services Using AI and Scanner Robots,7450000.0,Series A,h3dynamics.com
414,5da5d20ede9f786ce051b60b,1-10,2017-02-01,Singapore,Singapore,ChatterBolt,AI-bot integrated with big data as an infomediary for consumers,,-,not available at the moment
415,5da5d20ede9f786ce051b60c,1-10,2017-02-01,Singapore,Attractions,Red Dot Singapore,Design for one of the world's top design award and attraction,,-,red-dot.sg
416,5da5d20ede9f786ce051b60d,11-50,2017-03-01,Singapore,Singapore,BonseyDesign,Brand Strategist to become part of a growing vibrant creative team,,-,bonseydesign.com
417,5da5d20ede9f786ce051b60e,11-50,2017-03-01,Singapore,Medical Devices,Infar International Private,Eye-wear,,-,shanti@infar.com.sg
418,5da5d20ede9f786ce051b60f,11-50,2017-04-01,Singapore,Digital Marketing,Astonish Agency,SINGAPORE'S PREMIERE PAY BY PERFORMANCE AGENCY,,-,astonishagency.com
419,5da5d20ede9f786ce051b610,11-50,2017-05-01,Singapore,Consulting,Embreo,Nurturing ideas from concepts to market.,,-,embreo.co
420,5da5d20ede9f786ce051b611,11-50,2017-05-01,Singapore,Web Development,Start Up Jobs Asia,Connect the right talent fit within their growing and emerging business in Start Ups,,-,startupjobs.asia
421,5da5d20ede9f786ce051b612,1-10,2017-05-01,Singapore,South East Asia,3D Printing Studios Asia,3D Printing for end user use and functional parts.,,-,3DPrintingStudios.com
422,5da5d20ede9f786ce051b613,1-10,2017-05-01,Singapore,Finance Technology,SPECTRUM for Spore SixtyFive,A technology & innovation-driven community and club,,-,spectrum.global
423,5da5d20ede9f786ce051b614,1-10,2017-06-01,Singapore,Web Development,Onexlab,"We Develop IoT, Web and Mobile solutions for agencies, startups & innovative businesses",,-,1exlab.com
424,5da5d20ede9f786ce051b615,1-10,2017-06-01,Singapore,Fine Jewelry,Fonder diamond,Engagement Ring,,-,fonderdiamond.sg
425,5da5d20ede9f786ce051b616,1-10,2017-06-01,Singapore,E-Commerce Platforms,Dei,Ecommerce site,,-, dei.com.sg
426,5da5d20ede9f786ce051b617,1-10,2017-06-01,Singapore,-,Aventurian,"Innovate, Incubate, Incorporate. Make a difference in the lives of others.",,-,aventurian.com
427,5da5d20ede9f786ce051b618,1-10,2017-06-01,Singapore,Digital Marketing,Leading Solution,Highly Converting Digital Marketing Strategies,,-,theleadingsolution.com
428,5da5d20ede9f786ce051b619,1-10,2017-07-01,Singapore,iOS,Svfari,E-commerce app for iOS,,-,playground.life
429,5da5d20ede9f786ce051b61a,1-10,2017-07-01,Singapore,Location Based Services,Tourio,Location aware audio tour mobile app,,-,tourio.app
430,5da5d20ede9f786ce051b61b,11-50,2017-11-01,Singapore,Serious Games,Playware Studios Asia,,,-,playwarestudios.com
431,5da5d20ede9f786ce051b61c,1-10,2015-12-01,Singapore,Web Development,Jejo.digital,"Our credo is that a website isn't a piece of art, but an interface that serves a function.",,-,jejo.digital
432,5da5d20ede9f786ce051b61d,51-200,2016-03-01,Singapore,-,KRDS Digital,KRDS is a leading independent Social and Media Agency in Europe and Asia.,,-,krds.com
433,5da5d20ede9f786ce051b61e,1-10,2016-08-01,Singapore,Location Based Services,Sence,"""google analytics"" for brick-and-mortar outlets",,-,sence.io
434,5da5d20ede9f786ce051b61f,1-10,2016-09-01,Singapore,Insurance,Turnary,Re-thinking how insurance is bought,,-,turnary.com
435,5da5d20ede9f786ce051b620,1-10,2016-09-01,Singapore,Wealth Management,John Shaw,Financial education and facilitation for individuals and companies,,-,JohnShaw.Biz
436,5da5d20ede9f786ce051b621,1-10,2016-09-01,Singapore,Human Resources,Bluestream Consultancy,An Executive Search firm,,-,bluestream.sg
437,5da5d20ede9f786ce051b622,1-10,2016-09-01,Singapore,Digital Marketing,Lion and Lion,Fast growing and award winning digital agency based in South East Asia,,-,lionandlion.com
438,5da5d20ede9f786ce051b623,1-10,2016-09-01,Singapore,Mobile Emergency&Health,challenge infotech,Global crowedfundin,,-,aldoprescott.page.tl
439,5da5d20ede9f786ce051b624,,2016-10-01,Singapore,Women-Focused,Angel Guard Enterprises,To Protect and Empower Women.,,-,brookehart.net
440,5da5d20ede9f786ce051b625,1-10,2016-10-01,Singapore,Fin Tech,StashAway,Robo-Advisory,,-,stashaway.com
441,5da5d20ede9f786ce051b626,11-50,2016-10-01,Singapore,Industrial Automation,supreme components international,High tech franchized distribtors of electronic components and led lighting,,-,supremecomponents.com
442,5da5d20ede9f786ce051b627,11-50,2016-10-01,Singapore,Indonesia,AKADIGITAL,Digital Advertising & Marketing Technology Platform,,-,akadigital.net
443,5da5d20ede9f786ce051b628,1-10,2016-11-01,Singapore,Web Development,Acalution,Be A Key Member Of A Boutique Management Consultancy,,-,acalution.com
444,5da5d20ede9f786ce051b629,51-200,2016-11-01,Singapore,Startups,Aquis Search,Tech Career,,-,aquissearch.com
445,5da5d20ede9f786ce051b62a,1-10,2017-01-01,Singapore,ICT,tbn / simgo,A young and dynamic tech start-up that explores and develops innovative business models,,-,toolbox.sg
446,5da5d20ede9f786ce051b62b,1-10,2018-02-01,Singapore,Performing Arts,Musehall,Platform to connect people looking for art services to local artistic talents,,-,musehall.co
447,5da5d20ede9f786ce051b62c,1-10,2018-02-01,Singapore,Location Based Services,1903 Digital,Global platform for aerospace logistics,,-,1903.aero
448,5da5d20ede9f786ce051b62d,11-50,2018-02-01,Singapore,Coworking,Five Cloves,Rapidly expanding dynamic coworking space,,-,fivecloves.com
449,5da5d20ede9f786ce051b62e,1-10,2017-11-01,Singapore,Property Management,Bitsy,Find Space and Resources for Every Idea,,-,bitsyspace.com
450,5da5d20ede9f786ce051b62f,1-10,2017-11-01,Singapore,Singapore,Kashfrov,Asia's First Secondary Insurance Marketplace,,-,kashfrov.com
451,5da5d20ede9f786ce051b630,11-50,2017-12-01,Singapore,Nonprofits,The Sparks Foundation,Education for all,,-,thesparksfoundation.sg
452,5da5d20ede9f786ce051b631,1-10,2018-01-01,Singapore,Gamification,PIVOT FINTECH,"Using AI to drive investments, insurance, healthcare & rewards",,-,pivotfintech.com
453,5da5d20ede9f786ce051b632,1-10,2018-01-01,Singapore,Hospitality,rb hospitality,A new thinker in the accommodation market with a global vision,,-,cubestay.sg
454,5da5d20ede9f786ce051b633,1-10,2018-01-01,Singapore,Health Care Information Technology,Sheares Healthcare,Increasing employee happiness index,,-,sheareshealth.com
455,5da5d20ede9f786ce051b634,1-10,2018-01-01,Singapore,Gamification,Upstart,Cloud-based legal platform,,-,upstartalliance.com
456,5da5d20ede9f786ce051b635,1-10,2018-01-01,Singapore,Restaurants,kuroz,"Worlds largest VIRTUAL F&B operator,  ORDERING, BILLING and PAYMENT",,-,mykuroz.com
457,5da5d20ede9f786ce051b636,1-10,2018-01-01,Singapore,Outsourcing,Digital Biz Solutions,Digital Transformation,,-,dbizsolution.com
458,5da5d20ede9f786ce051b637,1-10,2018-02-01,Singapore,Finance Technology,xfl.io,Portfolio tracker for all asset types,,-,xfl.io
459,5da5d20ede9f786ce051b638,-,2018-02-01,Singapore,E-Commerce Platforms,BudAI Labs,Full stack software development,,-,budailabs.com
460,5da5d20ede9f786ce051b639,1-10,2018-02-01,Singapore,Medical Technologies,AltumV Technology,medical AI,,-,altumv.life
461,5da5d20ede9f786ce051b63a,11-50,2018-03-01,Singapore,Property Management,Truuue,Uber for property market,,-,truuue.com
462,5da5d20ede9f786ce051b63b,11-50,2018-03-01,Singapore,Wealth Management,Finesse Digital,Digital Wealth Solution Provider,,-,finesse.asia
463,5da5d20ede9f786ce051b63c,1-10,2018-03-01,Singapore,User Experience Design,Convey,Digital Transformation,,-,weconvey.co
464,5da5d20ede9f786ce051b63d,11-50,2018-03-01,Singapore,Brand Marketing,Grape Media,Event Management,,-,grape-media.com
465,5da5d20ede9f786ce051b63e,1-10,2018-04-01,Singapore,Social Media Marketing,Asia Tech Podcast,Asia's Fastest Growing Podcast Media Network,,-,ATP.show
466,5da5d20ede9f786ce051b63f,1-10,2018-04-01,Singapore,Entrepreneur,Pitchspot,The global launchpad for ideas.,,-,pitchspot.co
467,5da5d20ede9f786ce051b640,1-10,2018-05-01,Singapore,Diagnostics,Medios Technologies,Artificial Intelligence To Prevent Blindness,,-,mediostech.com
468,5da5d20ede9f786ce051b641,11-50,2018-12-01,Singapore,Group Email,OTSAW Digital,AUGMENTING HUMAN CAPABILITIES VIA  HUMAN-ROBOT COLLABORATION,,-,otsaw.com
469,5da5d20ede9f786ce051b642,1-10,2017-08-01,Singapore,Mobile Commerce,WOOFR,Lifestyle Application for Tourist in South East Asia,,-,thewoofr.com
470,5da5d20ede9f786ce051b643,11-50,2017-11-01,Singapore,Mobile Technology,Nestia,Making Life Simple,,-,nestia.com
471,5da5d20ede9f786ce051b644,51-200,2017-11-01,Singapore,Sales and Marketing,Confidential,Growing major client's brands and creating revenues for our clients.,,-,Confidential
472,5da5d20ede9f786ce051b645,11-50,2017-12-01,Singapore,Blockchain / Cryptocurrency,Zilliqa Research,Next-gen High-throughput Blockchain Platform,,-,zilliqa.com
473,5da5d20ede9f786ce051b646,1-10,2018-02-01,Singapore,E-Commerce Platforms,FootySG,We are an Expedia for Football Pitches,,-,footy.sg
474,5da5d20ede9f786ce051b647,11-50,2018-02-01,Singapore,Data Security,Dathena Science,Data Security Governance,,-,dathena.io
475,5da5d20ede9f786ce051b648,1-10,2018-02-01,Singapore,Enterprises,SenSING,IoT & Data Analytics in Smart Buildings,,-,sensing.online
476,5da5d20ede9f786ce051b649,11-50,2018-03-01,Singapore,Finance Technology,CapBridge,Global Private Capital Raising Platform,,-,capbridge.sg
477,5da5d20ede9f786ce051b64a,-,2018-03-01,Singapore,Retail,WANG MENG,Designer Women's Clothing & Fashion Accessories,,-,wangmeng.com.sg
478,5da5d20ede9f786ce051b64b,1-10,2018-04-01,Singapore,Healthcare,uCare,"Health-tech, AI company trying to solve issues in chronic disease management",,-,ucare.io
479,5da5d20ede9f786ce051b64c,1-10,2018-05-01,Singapore,Financial Exchanges,Virtuse Exchange,Crypto Exchange,,-,virtuse.exchange
480,5da5d20ede9f786ce051b64d,11-50,2018-05-01,Singapore,Information Security,Sentinel Protocol,Crowdsourced Threat Intelligence,,-,sentinelprotocol.io
481,5da5d20ede9f786ce051b64e,51-200,2018-05-01,Singapore,Internet,AIB International,Additional income per month,,-,aibprofits.com
482,5da5d20ede9f786ce051b64f,1-10,2018-05-01,Singapore,Startups,Diversiteam,The Global Marketplace of Engineering Talent,,-,diversiteam.io
483,5da5d20ede9f786ce051b650,11-50,2018-05-01,Singapore,Mobile Application,Alphanova,Your Strategic Partner for Growth,,-,alphanova.com.sg
484,5da5d20ede9f786ce051b651,-,2018-06-01,Singapore,Agriculture,Nova Prime Chemicals Pte Ltd Singapore,Bio Technology in Agriculture,,-,novaprimechemicals.com
485,5da5d20ede9f786ce051b652,1-10,2018-07-01,Singapore,Finance Technology,Skyrus Network,One stop solutions to your trading needs,,-,skyrus.io
486,5da5d20ede9f786ce051b653,1-10,2018-07-01,Singapore,Career Management,HAKU.SG,Headhunting Firm in Singapore,,-,bit.ly
487,5da5d20ede9f786ce051b654,1-10,2018-07-01,Singapore,Fin Tech,MoneyCompare.SG,Comparison of SME business banking products site,,-,moneycompare.sg
488,5da5d20ede9f786ce051b655,1-10,2018-07-01,Singapore,Technology,Tidif,Social productivity mobile app,,-,Under construction
489,5da5d20ede9f786ce051b656,1-10,2018-05-01,Singapore,Online Education,Budding Acorns,Online education,,-,highqedu.com
490,5da5d20ede9f786ce051b657,-,2018-05-01,Singapore,Fin Tech,InQvest Partners,InQvest Partners is a dedicated FinTech VC firm.,,-,inqvest-partners.com
491,5da5d20ede9f786ce051b658,1-10,2018-06-01,Singapore,Cyber Security,GuardRails,GuardRails embeds security feedback into the workflow of development teams.,,-,guardrails.io
492,5da5d20fde9f786ce051b659,11-50,2018-06-01,Singapore,E-Commerce Platforms,"Vanity Trove (""VANITEE"")",Online apps in Beauty Industry,,-,vanitee.com
493,5da5d20fde9f786ce051b65a,11-50,2018-11-01,Singapore,Big Data Analytics,DEX,DEX creates open source solutions for decentralised data marketplaces & services,,-,"dex,sg"
494,5da5d20fde9f786ce051b65b,1-10,2019-01-01,Singapore,Automotive,Scorpio Electric,Sustainable mobility to the masses,,-,eurosportstech.com
495,5da5d20fde9f786ce051b65c,11-50,2019-01-01,Singapore,Shared Services,Spore SixtyFive,Tech Curated Innovation Business Club,,-,spectrum.global
496,5da5d20fde9f786ce051b65d,1-10,2019-05-01,Singapore,Finance Technology,WiredWheels,Cloud Based Loan Management System,,-,wiredwheels.asia
497,5da5d20fde9f786ce051b65e,1001-5000,2019-05-01,Singapore,Accounting,Xero,World’s leading cloud accounting software for small businesses,,-,xero.com.
498,5da5d20fde9f786ce051b65f,1-10,2019-06-01,Singapore,Accounting,Bestar Services,We are a full-service accounting company in Singapore.,,-,bestarservices.com.sg
499,5da5d20fde9f786ce051b660,1-10,2019-07-01,Singapore,Electronics,"FAROAD SMT PTE.LTD,","SMT Equipment, Pick and place machine",,-,google.com
500,5da5d20fde9f786ce051b661,501-1000,2019-07-01,Singapore,Construction,Driver Trett,Global data & development,,-,driver-group.com
501,5da5d20fde9f786ce051b662,11-50,2019-07-01,Singapore,Customer Service,Titans Marketing Group,Sales & marketing Services,,-,titansgroup.com.sg
502,5da5d20fde9f786ce051b663,1001-5000,2019-07-01,Singapore,Business Development,Paradise Group Holdings,11 culinary concepts across 9 countries 100 restaurants worldwide.,,-,paradisegp.com
503,5da5d20fde9f786ce051b664,1-10,2019-07-01,Singapore,Financial Exchanges,Hg Exchange,Hg Exchange is the first member-driven exchange in Southeast Asia.,,-,hg.exchange
504,5da5d20fde9f786ce051b665,1-10,2019-08-01,Singapore,Banking,Information Sciences,A solution provider,,-,infoscgroup.com
505,5da5d20fde9f786ce051b666,1-10,2019-08-01,Singapore,QR Codes,DiMuto,A 360 Trade Solutions Platform,,-,dimuto.io
506,5da5d20fde9f786ce051b667,11-50,2019-09-01,Singapore,Technology,33 Talent,"Here in 33 Talent, We are raising the bar of HR Services.",,-,33talent.com
507,5da5d20fde9f786ce051b668,51-200,2019-09-01,Singapore,Technology,Boogle Group,Blockchain powered,,-,boogle.io
508,5da5d20fde9f786ce051b669,1-10,2018-02-01,Singapore,Software Engineering,Coss.io,CRYPTO-ONE-STOP-SOLUTION MADE EASY,,-,coss.io
509,5da5d20fde9f786ce051b66a,11-50,2018-03-01,Singapore,Technology,AIQ,"Bridging Offline & Online (O2O), Visual Recognition for Video & Live Broadcast",,-,aiq.tech
510,5da5d20fde9f786ce051b66b,51-200,2018-03-01,Singapore,Mobile Games,Awesome Gaming,Game development with top quality art production,,-,awesomegaming.sg
511,5da5d20fde9f786ce051b66c,11-50,2018-03-01,Singapore,Technology,traceto.io,"Giving ownership, management and control of KYC processes back to the people.",,-,traceto.io
512,5da5d20fde9f786ce051b66d,11-50,2018-06-01,Singapore,Advertising,Supermarket Creative,Advertising & Marketing,,-,supermarketcreatives.com
513,5da5d20fde9f786ce051b66e,1-10,2018-06-01,Singapore,Insurance,UEX,We are all young passionate people working for the growth of UEX,,-,uexglobal.com
514,5da5d20fde9f786ce051b66f,11-50,2018-06-01,Singapore,Financial Services,Morris Grayson,To be the TEAM that fosters ties with the world and builds wealth for all.,,-,morris-grayson.com
515,5da5d20fde9f786ce051b670,11-50,2018-06-01,Singapore,Advertising Platforms,CShelf,Crossborder marketplace for manufacturers and consumers,,-,advancedplanet.io
516,5da5d20fde9f786ce051b671,1-10,2018-06-01,Singapore,Information Technology,Nspire Group,Enterprise Tracking Solution,,-,RavenPOS.com
517,5da5d20fde9f786ce051b672,1-10,2018-06-01,Singapore,Commercial Real Estate,Instireal,Revolutionising commercial real estate transactions for institutional investors,,-,instireal.com
518,5da5d20fde9f786ce051b673,1-10,2018-07-01,Singapore,Mobile Games,thunderconsole,Cloud based console for gaming,,-,thunderconsole.com
519,5da5d20fde9f786ce051b674,51-200,2018-07-01,Singapore,Mobile Application,Adomita Technologies,Global Leading Software,,-,adomita.com
520,5da5d20fde9f786ce051b675,11-50,2018-07-01,Singapore,Performance Marketing,WEWE MEDIA GROUP,Performance marketing for businesses globally,,-,wewemedia.com
521,5da5d20fde9f786ce051b676,1-10,2018-08-01,Singapore,Augmented Reality,Xtra PlayAR,The augmented reality football trainer for the player on the pitch.,,-,xtraplayar.com
522,5da5d20fde9f786ce051b677,51-200,2018-09-01,Singapore,Construction,N&T Engineering Enterprise,M&E Engineering,,-,nt.com.sg
523,5da5d20fde9f786ce051b678,1-10,2018-09-01,Singapore,Web Development,Trunk Tech,-,,-,glints.com
524,5da5d20fde9f786ce051b679,1-10,2019-05-01,Singapore,Ecommerce,Ox Street,"Marketplace for authentic sneakers, streetwear, handbags and watches.",,-,Under construction
525,5da5d20fde9f786ce051b67a,11-50,2019-05-01,Singapore,Mobile Payments,AppsPos,Specialising in mobile applications and POS system,,-,appspos.com
526,5da5d20fde9f786ce051b67b,1-10,2019-08-01,Singapore,Consulting,IntraGalaxy,Launch your mobile app in less than 10 minutes.,,-,intragalaxy.com
527,5da5d20fde9f786ce051b67c,11-50,2018-07-01,Singapore,Vietnam,Lawfarm,Lawfarm is making it easy for people to create and store legal contracts on the blockchain,250000.0,Seed,ico.lawfarm.in
528,5da5d20fde9f786ce051b67d,11-50,2018-08-01,Singapore,Mobile Advertising,Perx Technologies,Perx Platform is the solution of choice for top B2C enterprises,,-,perxtech.com
529,5da5d20fde9f786ce051b67e,1-10,2018-08-01,Singapore,E-Books,ReadinGraphics,Infographic Book Summaries,,-,readingraphics.com
530,5da5d20fde9f786ce051b67f,501-1000,2018-08-01,Singapore,Indonesia,Zenith Wealth Group,"Independent financial advisory, solutions for high net worth clients.",,-,zenithwealthgroup.simplybook.asia
531,5da5d20fde9f786ce051b680,1-10,2018-08-01,Singapore,Education,Qviksoft,Oracle ERP consulting focusing on providing high quality solutions to customers,,-,qviksoft.com
532,5da5d20fde9f786ce051b681,1-10,2018-09-01,Singapore,Big Data Analytics,Datavlt,Empowering the Future of Data Analytics,,-,datavlt.com
533,5da5d20fde9f786ce051b682,1-10,2018-09-01,Singapore,Marketplaces,Xpersity,Expert Matching Platform,,-,xpersity.co
534,5da5d20fde9f786ce051b683,1-10,2018-10-01,Singapore,Social Media Platforms,Milky.Chat,Milky.Chat enables to engage with your child’s community and journey,,-,milky.chat
535,5da5d20fde9f786ce051b684,1-10,2018-11-01,Singapore,Health and Wellness,SuperHuman,Precocious nutrition startup that’s run like a software company,,-,besuperhuman.com
536,5da5d20fde9f786ce051b685,1-10,2018-12-01,Singapore,Web Development,iComms Consultancy,Market and Corporate Communication Solutions,,-,icomms.co
537,5da5d20fde9f786ce051b686,1001-5000,2019-05-01,Singapore,Property,Stirling Residence,Property builder in Queenstown Singapore,,-,the-stirling-residence.com.sg
538,5da5d20fde9f786ce051b687,11-50,2019-06-01,Singapore,Market Research,Milieu Insight,Democratizing data,,-,mili.eu
539,5da5d20fde9f786ce051b688,1-10,2019-06-01,Singapore,Facebook Applications,BotDistrikt,Empowering individuals to create highly-engaging chatbots. No coding required.,,-,botdistrikt.com
540,5da5d20fde9f786ce051b689,1001-5000,2019-06-01,Singapore,Advising And Career Services,Cvent,Client Success Advisor,,-,cvent.com
541,5da5d20fde9f786ce051b68a,1-10,2019-06-01,Singapore,Comparison,MoneyDuck,Finance Product Marketplace,,-,moneyduck.com
542,5da5d20fde9f786ce051b68b,51-200,2019-06-01,Singapore,Social Enterprise,Big 3 Media,Creative Corporate Video Production Company in Singapore,,-,big3.sg
543,5da5d20fde9f786ce051b68c,1-10,2019-07-01,Singapore,Education Technology,Aurora: AI-Assisted Assessments,"Generate quality assessments 100x faster, powered by AI.",,-,tryaurora.ai
544,5da5d20fde9f786ce051b68d,1-10,2019-07-01,Singapore,E-Commerce,Kohepets,Work with the largest premium online pet food & supplies store in Singapore!,,-,kohepets.com.sg
545,5da5d20fde9f786ce051b68e,1-10,2019-08-01,Singapore,SEO,Business Group,blogger singapore,,-,mediaonemarketing.com.sg
546,5da5d20fde9f786ce051b68f,11-50,2019-08-01,Singapore,Trading,VisionTech,,,-,visiongroup.co
547,5da5d20fde9f786ce051b690,11-50,2018-10-01,Singapore,Mobile Application,KKcoin,KKcoin is an international cryptocurrency exchange registered in Singapore.,,-,kkcoin.com
548,5da5d20fde9f786ce051b691,1-10,2018-10-01,Singapore,Pets,CatSmart Supply and Distribution,Online Pet Store Singapore - CatSmart,,-,catsmart.com.sg
549,5da5d20fde9f786ce051b692,1-10,2018-11-01,Singapore,Vintage Clothing,Vintagewknd,Sustainable style in vintagewear,,-,vintagewknd.com
550,5da5d20fde9f786ce051b693,1-10,2018-11-01,Singapore,Application Platforms,Tripledot Technologies,Fintech Solutions Enabler,,-,triple.tech
551,5da5d20fde9f786ce051b694,11-50,2019-02-01,Singapore,Payment Systems,Payswiff,Merchant solutions centered on Payments,,-,payswiff.com
552,5da5d20fde9f786ce051b695,1-10,2019-02-01,Singapore,Retail Technology,Omnistream,Turn data into profit,,-,omnistream.co
553,5da5d20fde9f786ce051b696,1-10,2019-02-01,Singapore,E-Commerce,Smart Guppy,Social enterprise to provide equal opportunities for all students to achieve more,,-,smartguppy.com
554,5da5d20fde9f786ce051b697,11-50,2019-02-01,Singapore,Technology,Sigrid.AI,One point of contact a world of expertise,,-,sigrid.ai
555,5da5d20fde9f786ce051b698,11-50,2019-03-01,Singapore,Enterprise Security,SecureAge Technology,Enterprise Data Security Simply Built for Humans,,-,secureage.com
556,5da5d20fde9f786ce051b699,11-50,2019-03-01,Singapore,Retail Technology,AImazing,A Business Analytics solution giving insights through valuing offline data.,,-,aimazing.co
557,5da5d20fde9f786ce051b69a,11-50,2019-03-01,Singapore,E-Commerce Platforms,Blu World,blu provides end-to-end logistics solutions for eCommerce players in Singapore,,-,blu.com.sg
558,5da5d20fde9f786ce051b69b,11-50,2019-03-01,Singapore,Technology,KrASIA,A newborn digital media with a dedication to uncover Asia's innovations,,-,kr-asia.com
559,5da5d20fde9f786ce051b69c,1-10,2019-03-01,Singapore,-,HaloLife,The world's first free premium smartphone for those with potential.,,-,thehalo.life
560,5da5d20fde9f786ce051b69d,11-50,2019-03-01,Singapore,Small and Medium Businesses,The Carrot Patch,Smart Spaces for Innovation,,-,thecarrotpatch.co
561,5da5d20fde9f786ce051b69e,1001-5000,2019-04-01,Singapore,Construction,Rotary Engineering,Oil and Gas,,-,rotaryeng.com.sg
562,5da5d20fde9f786ce051b69f,1-10,2019-04-01,Singapore,Architects,Skillcard,The expressive marketplace for your skills,,-,skillcard.com
563,5da5d20fde9f786ce051b6a0,1-10,2019-04-01,Singapore,Business Services,C-Suite Alliance,Global network of C-level leaders,,-,csuitealliance.com
564,5da5d20fde9f786ce051b6a1,1-10,2019-04-01,Singapore,Business Services,Utility 4Cus,Nail It Before Outage,,-,Utility 4Cus Pte Ltd
565,5da5d20fde9f786ce051b6a2,1-10,2019-04-01,Singapore,Mobile Application,AHOP,Commercial Water Taxi- hailing App,,-,AHOPAPP.COM
566,5da5d20fde9f786ce051b6a3,11-50,2019-04-01,Singapore,Web Development,Syion,Software development,,-,syion.com
567,5da5d20fde9f786ce051b6a4,1-10,2017-09-01,Singapore,Finance Technology,RegPac Revolution,End to end RegTech Ecosystem Builder and Knowledge Sharing Platform.,,-,regpac.com
568,5da5d20fde9f786ce051b6a5,1-10,2017-09-01,Singapore,Consulting,ServQ HResource,Human Resources Management / Consultancy,,-,servqhr.com
569,5da5d20fde9f786ce051b6a6,1-10,2017-09-01,Singapore,Health and Wellness,GetFulfilled,Connecting coaches to clients with nutrition tracking technology,,-,coach.getfulfilled.co
570,5da5d20fde9f786ce051b6a7,1-10,2017-09-01,Singapore,Real Estate Technology,REIDAO,REIDAO Digitizes Real Estate Ownership on Blockchain,,-,reidao.io
571,5da5d20fde9f786ce051b6a8,1-10,2017-09-01,Singapore,Technology,Null Lines,Boutique Software Development in Singapore,,-,null-lines.com
572,5da5d20fde9f786ce051b6a9,1-10,2018-07-01,Singapore,Social Recruiting,CV.ME,CV.ME - Your Online CV.,,-,cv.me
573,5da5d20fde9f786ce051b6aa,201-500,2018-11-01,Singapore,Automotive,Carro,Carro is a full-stack automotive marketplace,,-,carro.sg
574,5da5d20fde9f786ce051b6ab,51-200,2018-11-01,Singapore,Virtual Reality / Augmented Reality,Vinsinfo,We bring our clients Ideas to life.,,-,vinsinfosg.com
575,5da5d20fde9f786ce051b6ac,11-50,2018-11-01,Singapore,Finance Technology,Grounded,Spearheading the mass adoption of cryptocurrency,,-,grounded.work
576,5da5d20fde9f786ce051b6ad,1-10,2018-11-01,Singapore,E-Commerce,skinafinity,medically licensed,,-,skinafinity.com
577,5da5d20fde9f786ce051b6ae,11-50,2018-11-01,Singapore,Web Development,C. Ventures,Global Tech Startups,,-,creatella.ventures
578,5da5d20fde9f786ce051b6af,1-10,2018-12-01,Singapore,Logistics Software,Hyperhaul,Haulage software,,-,hyperhaul.com
579,5da5d20fde9f786ce051b6b0,11-50,2018-12-01,Singapore,Software Compliance,Cynopsis Solutions,Global Trusted RegTech Solution,,-,cynopsis-solutions.com
580,5da5d20fde9f786ce051b6b1,1-10,2019-01-01,Singapore,Medical Devices,Sano V,Treatment for Erectile Dysfunction,,-,bloomberg.com
581,5da5d20fde9f786ce051b6b2,1-10,2019-02-01,Singapore,B2B,Gemini Personnel,Hospitality,,-,gemini-global.com
582,5da5d20fde9f786ce051b6b3,1-10,2019-03-01,Singapore,User Experience Design,Reassemble,"Evidence-based, User-centred design",,-,reassemble.io
583,5da5d20fde9f786ce051b6b4,1-10,2019-04-01,Singapore,Human Resources,Hatch,Hatch empowers youth from all pathways for the future they deserve.,,-,hatch.sg
584,5da5d20fde9f786ce051b6b5,1-10,2019-09-01,Singapore,Mobile Games,Flybot,Games,,-,github.com
585,5da5d20fde9f786ce051b6b6,1-10,2019-10-01,Singapore,Digital Health,Dragon Allies,contingent and retained permanent recruitment,,-,dragonallies.com
586,5da5d20fde9f786ce051b6b7,1-10,2017-08-01,Singapore,E-Commerce Platforms,JBRWholesale,B2B Online Wholesaler,,-,jbrwholesale.com.sg
587,5da5d20fde9f786ce051b6b8,1-10,2017-08-01,Singapore,Internet of Things,Ariston Services Pte Ltd Singapore,IT Partners of choice of several medium and large global organizations,,-,aristonconsult.com
588,5da5d20fde9f786ce051b6b9,1-10,2017-08-01,Singapore,Local Advertising,Hangover Coupons,A compilation of 8 businesses that promotes their products or services in one door hanger.,,-,hangovercoupons.com
589,5da5d20fde9f786ce051b6ba,1-10,2017-09-01,Singapore,Technology,SKYLARK INFOTECH Pte.Ltd.,"Reaching Technology to All,Smart insights…. smarter websites",,-,skylark.com.sg
590,5da5d20fde9f786ce051b6bb,1-10,2017-09-01,Singapore,Fin Tech,Mithqal.io,Transparency-as-a-Service,,-,mithqal.io
591,5da5d20fde9f786ce051b6bc,1-10,2017-10-01,Singapore,Ecommerce,Wyzer,Real Estate Transactional Efficienator,,-,wyzer.com.sg
592,5da5d20fde9f786ce051b6bd,-,2017-10-01,Singapore,Internet of Things,Prospace Analytics,Next Generation Smart Office solution for fortune 500 companies in Asia,,-,prospace.io
593,5da5d20fde9f786ce051b6be,1-10,2017-10-01,Singapore,University Students,Intercell - a milk infotech venture,A revolutionary concept that will change the way we shape our careers,,-,milkinfotech.com
594,5da5d20fde9f786ce051b6bf,-,2017-11-01,Singapore,Apps,FieldSumo,"Powerful, simple and affordable field management tool",,-,fieldsumo.com
595,5da5d20fde9f786ce051b6c0,1-10,2017-11-01,Singapore,Mobile Application,Lahzlo,Lahzlo makes it simpler and faster for you to discover new and exciting music!,,-,We don’t have a website yet
596,5da5d20fde9f786ce051b6c1,1-10,2017-11-01,Singapore,Payments,Acromobile (Singapore),Singapore Company expanding development team to India,,-,acromobile.com
597,5da5d20fde9f786ce051b6c2,1-10,2017-11-01,Singapore,Public Transportation,Vebits,We Use self-driving car technologies to help people drive more safely,,-,noweb.com
598,5da5d20fde9f786ce051b6c3,1-10,2018-10-01,Singapore,Sensors,Atomionics,Atomic sensing for navigation and exploration,,-,atomionics.com
599,5da5d20fde9f786ce051b6c4,51-200,2019-03-01,Singapore,Hospitality,Hmlet,Coliving for urban millenials,,-,hmlet.com
600,5da5d20fde9f786ce051b6c5,5000+,2019-04-01,Singapore,E-Commerce,Shopee,The leading e-commerce platform in Southeast Asia and Taiwan.,,-,careers.shopee.sg
601,5da5d20fde9f786ce051b6c6,11-50,2019-05-01,Singapore,Personal Finance,Nugget,Mobile app to help people save money effortlessly,,-,heynugget.com
